Channel_Id,Channel_Name
1,SundanceTV
2,Ion Television
3,Military History
4,Spike
5,BLACK BELT TV The Martial Arts Network
6,Universal HD
7,MTV Classic
8,Centric
9,BET
10,FXX
11,VH1
12,MTV2
13,Crime & Investigation Network
14,FX
15,History
16,WGN America
17,Syfy
18,MTV
19,TBS
20,Reelz
21,Cloo
22,Comedy Central
23,Adult Swim
24,National Geographic Channel
25,FIDO
26,GSN
27,CMT
28,Investigation Discovery
29,A&E
30,AMC
31,IFC
32,BBC America
33,Discovery Channel
34,truTV
35,El Rey Network
36,American Heroes Channel
37,AXS TV
38,Chiller
39,TNT
40,Audience
41,Comedy.tv
42,USA Network
43,Es.tv
