User_Id,User_Name,Password,Email_Id,Name
1,Ramona641   ,bghqagyksvqx,xfevh.dpkzif@m.com  ,Alfredo Richards         
2,Amie053     ,ncnpsrtcdyil,auyqe.muixhi@o.com  ,Loretta Bowen            
3,Shari812    ,rnwdphhsbvux,upod6@q.net         ,Jodie Romero             
4,Marjorie552 ,vezkidwtgtiq,uswb.anrf@k.org     ,Jackie Ochoa             
5,Candice655  ,dpdoakygbcqd,zara.tvabbo@q.net   ,Erick Benitez            
6,Serena146   ,figtcwrsdnes,wqdiq4@q.net        ,Kevin Lowery             
7,Glenn46     ,qqkywiwuwekk,eguw@s.net          ,Francisco Gentry         
8,Shelia551   ,sjqqnqrgabqw,ctjs.dtrvme@t.com   ,Claude Ortiz             
9,Jose783     ,esrdnrgboprf,bbck.oahl@v.com     ,Carla Camacho            
10,Christa293  ,evzrcghkmgpb,exnvx0@g.com        ,Susan Thornton           
11,Christi804  ,hdqgfwvvbbn ,kaku.ikpcub@k.org   ,Ellen Manning            
12,Alissa070   ,rzurrraxlvtc,soscg.cpuh@q.org    ,Fred Summers             
13,Alvin411    ,wkbbxpxihrog,kpvql@l.net         ,Bryan Hubbard            
14,Kris126     ,ljihmquuxotg,bdkxy@d.com         ,Jimmie Cain              
15,Shawn118    ,nkwdxtpxcuvb,srje@q.net          ,Juanita Bryant           
16,Desiree287  ,bhbmfwasdbzt,anpb5@z.com         ,Clay Gates               
17,Lorraine930 ,qlichblsnpur,iihv.cjwdfy@e.org   ,Marcia Villa             
18,Tanya985    ,awnvkbtwdefb,rtfrm.tpsrl@c.com   ,Edward Bruce             
19,Lea597      ,tiumukyasasx,lkkd@k.net          ,Edward Powell            
20,Jackie641   ,qryewftfpqoe,dbnu.bjmqj@l.org    ,Eli Salazar              
21,Randi234    ,bvwpysctbezj,ylzpr@o.org         ,Harold Bowman            
22,Teri330     ,tarozhimungb,esvoa.gwjn@k.org    ,Ismael Hanna             
23,Tanisha52   ,dvfougenjewo,yaqi.zgdbl@r.org    ,Leah Rocha               
24,Jackie844   ,saijobluxxrr,ttao@q.org          ,Timmy Bentley            
25,Ronnie537   ,gjcxbsslbbzh,ninu@y.net          ,Kareem Freeman           
26,Gerard534   ,yczqljzkjih ,kkqq5@p.org         ,Lorena Henry             
27,Jill825     ,edxxdnexujku,otci.mdiy@j.com     ,Rhonda Callahan          
28,Todd582     ,shcdxwczujys,wgda@x.net          ,Brady Hunt               
29,Erin252     ,puwdrmjaxefr,gwhui5@a.com        ,Rocky Cortez             
30,Dustin593   ,gojjmjykqxth,tozkz.plpw@f.net    ,Morgan Landry            
31,Deana803    ,duewbfjklyrl,ukilc.finfbx@p.com  ,Charles Finley           
32,Miranda974  ,epeprzprrnrt,uyxa2@s.org         ,Dwight Hunter            
33,Autumn536   ,ihlmkisykukn,uhgq@j.org          ,Paul Cain                
34,Zachary717  ,jkxdhslwvqds,sycx.nfmex@x.org    ,Jon Franklin             
35,Amanda445   ,owuufhxfjuug,quyhw1@q.com        ,Kristie Christian        
36,Rex519      ,beqlbbtuhbxb,dvysc.pbqw@s.org    ,Bradley Boone            
37,Bryce74     ,ripifrwmgmjm,qrcun@n.org         ,Marisa Singleton         
38,Christi414  ,olkbzraujuqg,vmkn6@i.net         ,Leonard Owen             
39,Joan532     ,mvfnrzcdxmmd,jnpmk.igptbw@x.org  ,Eileen Riley             
40,Kara147     ,qtygqloxnynh,iicf.uixpe@e.com    ,Kristine Finley          
41,Mary664     ,sylfmjdfwmpv,aoaq0@q.com         ,Monica Page              
42,Myra163     ,maamlcmmsdrr,zlgm.pmhl@t.org     ,Anita Francis            
43,Harvey698   ,sztemgvjsclt,nrtsg.mauh@o.org    ,Doris Galvan             
44,Salvatore367,kzugvxomvndc,gwcns.fhjild@a.net  ,Demond Barrera           
45,Kim260      ,sywzsovavdll,bftj.hkva@p.com     ,Angel Peck               
46,Felipe53    ,wnemitprang ,qzys.peybj@z.org    ,Brooke Bruce             
47,Jessica589  ,uerjllzbenyx,jkvlu.scuuoh@p.net  ,Calvin Pruitt            
48,Erika877    ,cjatjzeydnvs,riug.kslqb@s.org    ,Gina Monroe              
49,Glenn287    ,addqjnnxnkbz,kkfoy.pvqwxx@d.net  ,Ted Paul                 
50,Donnie954   ,utihsnkftncj,balhj0@s.net        ,Cesar Velez              
51,Jimmie186   ,kevfdnfgjpuc,czdt@x.com          ,Mario Rose               
52,Kate071     ,wpyxicgkfldc,itrtr1@j.net        ,Yolanda Ray              
53,Vicki287    ,nnbjymjrjtam,huipa@u.com         ,Myron Morgan             
54,Gloria981   ,dtoswdqwzirb,dwyax.wnhz@t.com    ,Courtney Lyons           
55,Alex569     ,ljhmzjcsxgtb,ijsp@z.net          ,Darin Sexton             
56,Daniel966   ,ksmwfrwsjmqy,msir.cuda@d.org     ,Ross Kaufman             
57,Jonathon501 ,hjjsyhgkjtcn,ssun.wmnngo@g.net   ,Yvette Cherry            
58,Jacob929    ,afbuqleeyvk ,fowg@m.org          ,Laura Camacho            
59,Mason745    ,cwwofdnhwnxr,xdek.tkpl@q.net     ,Bradley Combs            
60,Harry60     ,lzkpsrgnpfgm,tsrw@e.org          ,Jeannie Bishop           
61,Chrystal559 ,lielebghpcdj,hanop@t.net         ,Manuel Yoder             
62,Chasity401  ,dmmygamxkjwm,lfprd@r.net         ,Barbara Murillo          
63,Julia335    ,kgirnrobnqpy,yvbo@d.com          ,Krista Bass              
64,Juan168     ,hyulmemycouw,lncm.ewyh@o.com     ,Chanda Neal              
65,Sherry833   ,dzjekrvjcyba,mkoq5@k.com         ,Jody Klein               
66,Kim431      ,jykaevxnimlj,kfemz.uahdnt@i.net  ,Adriana Barton           
67,Gerardo385  ,ljnrpyfuvgzl,vzoz3@c.org         ,Latonya Combs            
68,Fred871     ,jtoiwmobnecx,atrc9@f.net         ,Tanya Krueger            
69,Joan406     ,oeryrowawejb,pjexu@g.net         ,Marcia Lara              
70,Natasha066  ,kswbhvyzzvqq,rgxh@v.com          ,Alana Curry              
71,Terrence631 ,apwigbaeruke,ewbd@k.org          ,Jayson Haynes            
72,Denise408   ,smzgbyhdyylo,fzqn.glurf@x.net    ,Lonnie Hurley            
73,Lakisha76   ,vwdxaasxcoyi,kjztv@n.com         ,Cecil Rivas              
74,Felipe493   ,heydxgzpkidp,hnlnf.jjpa@t.com    ,Nick Stevenson           
75,Natalie213  ,apiopmorwvaz,qmbtt0@n.net        ,Marcy Hancock            
76,Vickie541   ,wyhdldqzsbil,uifp.rqgfcz@s.org   ,Bernard Bullock          
77,Alexis620   ,ixiumzcfcfsa,twnb@a.net          ,Teresa Atkins            
78,Lamar18     ,ockhevpuuxj ,ihdue0@s.net        ,Jacob Dalton             
79,Alvin343    ,macahkzvfomt,nsupo0@x.com        ,Cecil Hall               
80,Harry469    ,ajaqqpuyvrp ,jnul4@q.net         ,Howard Wang              
81,Barbara455  ,mlynukkquayv,mbgm.lgyb@g.net     ,Kerri Gentry             
82,Franklin460 ,nosftjgolhkl,laby@o.net          ,Linda Holt               
83,Kelli901    ,bnmkqdxgcyfa,pvyp.nuob@w.net     ,Shonda Rosario           
84,Edith699    ,ikjlojmoebyv,rocqm.zmgm@t.com    ,Maria Pratt              
85,Ivan268     ,rybxxljebbgi,kozyl.lkoix@s.net   ,Pedro Baird              
86,Darrell979  ,jkxffiocsfli,meacl@w.net         ,Peter Wiggins            
87,Jeff837     ,klajwjyzezmn,xcydo@r.com         ,Otis Day                 
88,Clifton384  ,gxjvllamvdkm,gpdlw1@n.org        ,Kirsten Lindsey          
89,Edgar645    ,fjzchelohziw,zcvz6@x.org         ,Todd Hayden              
90,Barry217    ,lvlustgqjznh,rcrn.ivclf@j.com    ,Damon Anthony            
91,Catherine674,xpvfmxxzmqxp,xapg.jioqyz@d.org   ,Clarence Ali             
92,Kelley013   ,inqpizgwcrtz,zgtgf.lxdwx@i.com   ,Jaime Villanueva         
93,Jeffrey646  ,hloxoegsjhe ,jpnx8@j.net         ,Sonia Sparks             
94,Billie581   ,zdsrljdylgry,njob.meic@f.com     ,Karrie Browning          
95,Sonja844    ,moppblyqgshd,kjkps2@b.net        ,Carla Dickson            
96,Gerard882   ,ktnorhykuvzq,himf1@w.net         ,Simon Barnett            
97,Lisa187     ,slwbxjobuuzk,rexkh6@z.org        ,Kirk Frey                
98,Shonda144   ,qrazkjsudeof,xnco.egwsm@l.net    ,Erica Riddle             
99,Katina308   ,rlivqaomcqyb,gggd.irut@e.com     ,Brandy English           
100,Ruth272     ,qvyoxwaklhus,ksroc.jvkrkz@y.com  ,Valerie Huffman          
101,Jarrod619   ,jubiejnlwszy,pesb.edocji@f.net   ,Vicki Anderson           
102,Glen930     ,akxucdthttzo,jehuo3@x.net        ,Jay Brown                
103,Gustavo638  ,qpfifgomrkaq,lvptx@t.org         ,Garry Hickman            
104,Juan280     ,cyntlhdgdprw,lloj.zafse@c.org    ,Alfredo Mejia            
105,Leticia354  ,lpyuehlilwuv,fsebt@v.org         ,Charity Paul             
106,Andrew524   ,vvbhyojzpgpv,piovf@l.com         ,Clay Gates               
107,Blake428    ,yyyhppolzinp,ystk@f.com          ,Fredrick Mc Bride        
108,Jorge145    ,hkllormuzmgd,dfiu@e.net          ,Erich Mccann             
109,Guy356      ,dnbvuhcfxwbr,attp7@e.net         ,Mike Chambers            
110,Chanda402   ,kboenapvmgbi,vxbso5@y.net        ,Shaun Rogers             
111,Kathy033    ,honfjzbzhyvy,cgleb5@h.org        ,Allyson Landry           
112,Terrence13  ,buuzsmtkktuh,lzlub4@q.net        ,Miranda Gibbs            
113,Chanda934   ,mhpqcernawan,botb.nxaf@c.com     ,Rosemary Key             
114,Chrystal451 ,ewnzuomcntob,mhle6@s.net         ,Don Spencer              
115,Charity156  ,wfsfakoupgxb,lbht0@n.org         ,Stephen Gallegos         
116,Kris755     ,ejinubktzoa ,lexla.bjiuj@j.com   ,Otis Cuevas              
117,Henry134    ,romfyitgkgjj,txhde@g.net         ,Anne Burch               
118,Sherry383   ,govdzdicgzen,zfzhw.zmlh@j.net    ,Tyrone Scott             
119,Hilary393   ,lefprfphngtq,uyoim6@s.com        ,Stanley Fitzgerald       
120,Heath04     ,uwylrpwngjsn,dtkyw.edah@o.net    ,Simon Wagner             
121,Darren163   ,akulyubxrhgn,ickxc8@c.org        ,Kathy Banks              
122,Josephine32 ,kcjvernlwect,sptsf5@v.net        ,Derick Lucas             
123,Leigh967    ,hsebaycnfert,haqyj@e.com         ,Neal Middleton           
124,Susan012    ,zjwhzdnhxcjj,vweyr.lcgrc@s.org   ,Gordon Werner            
125,Rhonda278   ,oirrgdcwjotc,emxt.xudujh@e.com   ,Terrence Villanueva      
126,Lucas601    ,miqvhfskwawg,ayuww.tnmwc@t.com   ,Malcolm Clark            
127,April970    ,geliphjdmph ,fhla@z.com          ,Martha Hudson            
128,Gerald134   ,ztrkeomwzppa,jxbb5@k.net         ,Enrique Rose             
129,Mia765      ,toybdczdguaj,fshw5@s.com         ,Jess Velasquez           
130,Samuel160   ,acpfmsxxseco,xyeio.vemlbn@b.com  ,Suzanne Norris           
131,Catherine301,artwukzkgdhq,ropf.hvgwx@k.org    ,Tanisha Bowen            
132,Alonzo533   ,ejfdejpwoluk,oape.ttmpg@r.org    ,Derrick Petersen         
133,Jeremiah13  ,reubdjmtpcmz,mefgj0@d.org        ,Brady Jarvis             
134,Debbie37    ,yhykodhvhmlb,lqjcs.rixlm@j.org   ,Vicki Delacruz           
135,Chester035  ,fzlqksczeysm,eybzz9@i.org        ,Deanna Mckinney          
136,Trisha304   ,khhsubssjlor,qavk.kxkt@k.com     ,Gerald Odom              
137,Kareem267   ,kpvnomjcqict,yoay6@w.org         ,Jerry Mendez             
138,Philip064   ,gjiznmwltwks,dnzef.raabaq@v.net  ,Anitra Sosa              
139,Kareem583   ,hmvzapswvpsc,oblvi.hbkhho@g.com  ,Guy Clayton              
140,Tracy258    ,viotxavekbnn,ptrw.fyeb@k.com     ,Jeanette Arias           
141,Luz313      ,uylndicwttzm,xyea6@k.org         ,Adrienne Rios            
142,Larry72     ,oeawoehejvle,jfrc.yctq@g.com     ,Carrie Mercer            
143,Hope303     ,swkhvgcjzhkx,ebuw.qgkro@d.com    ,Mandy Castillo           
144,Angelia926  ,iaodejgblrwq,hnutj@h.com         ,Guillermo Goodman        
145,Emma276     ,jkkygxxbqeow,pkhf.zmnba@y.org    ,Lance Molina             
146,Tamika709   ,gsmlgxepbgbc,uypr.dzjor@p.net    ,Eileen Bush              
147,Stuart506   ,amitjeqrehup,wacw@g.com          ,Teddy Parker             
148,Alicia295   ,tfbwspeggzar,khtsc.cjhdz@l.net   ,Roderick Clayton         
149,Darin406    ,lzjjlmylezvb,ictqb.jrbpm@y.org   ,Cecil Ortiz              
150,Desiree227  ,hysazfmqchpk,ijit2@v.org         ,Donna Carter             
151,Lynette057  ,jinipbhehmea,ymiiv.gzoif@q.com   ,Jessie Gordon            
152,Donald797   ,hmzwbzkaxach,wycqm9@v.net        ,Cassie Harper            
153,Leigh652    ,abzwpbtnfnui,qspt6@h.org         ,Clifford Eaton           
154,Thomas242   ,fpkjyxfwhdft,gbvde@o.org         ,Misty Morris             
155,Shelly888   ,jaswgsiyngsp,tygil5@f.com        ,Constance Hancock        
156,Zachary082  ,zlxqxmbgznxk,mjchs.mbnjhg@p.net  ,Tina Savage              
157,Efrain585   ,vfqshokljqra,niwnk.armh@h.net    ,Monica Gilmore           
158,Hilary230   ,vebakirwonhp,cbqtu.vlps@c.org    ,Edgar Santos             
159,Charlene218 ,yyqculffecpw,krzt.rgjz@c.net     ,Lora Crane               
160,Arthur52    ,mfsentcenmgx,cqgi.zkiqn@u.org    ,Sam Hamilton             
161,Daryl830    ,pcvdgjzhfpxn,rwgu2@p.org         ,Jean Mathis              
162,Lakisha193  ,khwgmgzrdwzh,osbkw.ryfqf@f.org   ,Jane Marsh               
163,Johanna793  ,zabslfsvauzn,oeec9@k.org         ,Connie Jacobson          
164,Philip761   ,wuyritnpabqb,jceuj6@t.net        ,Devon Hayden             
165,Kerry770    ,xubeyfvlyon ,mpopz.yxlr@z.org    ,Nichole Atkinson         
166,Cheryl850   ,lrndfqaiwdie,ibnz@i.net          ,Dena Gutierrez           
167,Hector721   ,pdymopwcauir,nqmxp.plmobo@q.com  ,Sonja Mejia              
168,Brandi749   ,ibbxzqvyjpsd,pclko.ezafyq@s.org  ,Linda Bailey             
169,Tanisha443  ,fvplddaubfhh,tfbz.hasv@g.com     ,Kristian Daniel          
170,Rogelio855  ,jhvmqtexxurz,stkby@w.org         ,Eduardo Williamson       
171,Eva145      ,mlyqdsisvkbc,vnhx.fzti@r.org     ,Vincent Berg             
172,Alfredo785  ,kdwabkvosiow,pmmqv@t.com         ,Jordan Hebert            
173,Garry261    ,nhfqyhnkvuhs,shgu.hqakl@f.com    ,Kimberly Johnston        
174,Tracey666   ,qkyxpzpwqtwz,bshnv.uklvol@t.net  ,Angelia Delgado          
175,Kellie689   ,hdzqkhbwvfkt,qbkyp.yhilsq@x.net  ,Rebekah Chambers         
176,Megan640    ,xjbgegjyyxdj,agpce@y.com         ,Melody Berg              
177,Darrin92    ,bnuzsjiddkwu,wvzj@x.com          ,Norma Spence             
178,Isaac143    ,mrolkxrrntce,kvoq3@f.com         ,Rachael Spencer          
179,Vickie014   ,ozlfgjueoyor,lennl.eqhmdm@m.net  ,Jerry Montoya            
180,Aisha699    ,jjqfzytdddci,mzyd.bcno@l.com     ,Teresa Fritz             
181,Trevor588   ,pdujdztjqibh,svzkw.ihnu@a.com    ,Julie Lawrence           
182,Theodore911 ,phvypljsntzr,higjb.xjgj@e.com    ,Saul Floyd               
183,Timmy148    ,fonntaavuxun,kaxco@l.com         ,Eva Stuart               
184,Bart440     ,pzpkfsvwmshl,pnzk1@d.com         ,Abraham Kirk             
185,Autumn281   ,mclaziwoxksn,tuhf@l.net          ,Floyd Mitchell           
186,Dora709     ,ldnsedqdrwuv,sarjq.prlhjw@v.com  ,Lorenzo Chandler         
187,Allen289    ,heucovslloxw,oyhr.gqciqt@s.net   ,Susana Hardy             
188,Demetrius155,zijljhwiolyw,qbzu.ejmx@w.com     ,Marisa Chase             
189,Marilyn012  ,lzmaoxcrrwem,hexy.vtdep@q.net    ,Darrick Carrillo         
190,Demetrius761,gkugbmjmkqxp,ghhox.riwbt@u.com   ,Elaine Estrada           
191,Marie65     ,udcccbrqjnao,utaq.xlryg@w.org    ,Simon Meadows            
192,Jon399      ,fquxkyrpsbzk,xjeyw.fjymdq@w.org  ,Sonia Mann               
193,Traci336    ,uebdtstelhih,bqld5@z.org         ,Ernesto Pruitt           
194,Mitchell197 ,kyhvbgfsrlew,iwpp.lelnwu@y.com   ,Julian Boone             
195,Dennis925   ,vdcjyjtyuqyi,pkbd@b.com          ,Raquel Harding           
196,Kristin631  ,xbdyrymyeped,wpkz7@e.net         ,Allyson Gentry           
197,Annette39   ,izekhyujxfhc,ofpth@l.com         ,Blake Parks              
198,Jarrod421   ,ydqhhxjtxdzt,,Kent Dunlap              
199,Regina101   ,fzovlodowhjv,agsy.anww@z.org     ,Darrick Estes            
200,Donnie325   ,hvqbxksituor,wtbsl@t.net         ,Liza Collier             
201,Toni090     ,pwbbytsydbsm,tyiaq.shrw@s.com    ,Robert Bartlett          
202,Shanna608   ,cxhekbdpgwzp,mjjm8@e.org         ,Sabrina Schmitt          
203,Jeannie338  ,yrrvkrcjfqgb,tagq4@u.org         ,Ted Reese                
204,Orlando092  ,rlpitxeebdog,zzhtj.dspodd@e.org  ,Franklin Perry           
205,Robyn126    ,capbtmvqwjyr,slmkh.ohpme@m.net   ,Cesar Hoffman            
206,Julie891    ,intsixethvhg,ckmxm@c.com         ,Edward Pope              
207,Oliver539   ,qrgsdzjecrxc,smrep.kerahx@w.com  ,Catherine Campos         
208,Noel618     ,iceyqnuxontc,tmugx.lmsq@g.net    ,Roderick Mcgrath         
209,Trent450    ,gjdhemajsjqf,dizd.zjrrku@i.org   ,Tisha Torres             
210,Marlon782   ,wbzugegzvhlr,umpne3@g.com        ,Marc Burnett             
211,Ericka699   ,gpdoigrncrqo,rgsxg.eosiu@h.org   ,Scotty Colon             
212,Abraham252  ,gmnlxtbpblxw,kvcwd@h.com         ,Heath Shah               
213,Donald812   ,mbktoexhiqih,bspqa@u.com         ,Roger Newman             
214,Jose525     ,spzejoqioahu,,Ernest Obrien            
215,Pedro506    ,thfewrtshsim,tqtkn7@l.com        ,Peggy Howell             
216,Autumn998   ,kowqpqyxifgq,hgvy3@g.net         ,Wendy Marquez            
217,Philip929   ,ticyaqttosvi,zbrfd@n.net         ,Greg Pratt               
218,Vivian016   ,qgfqxifderyi,zuvp.sizfvv@e.com   ,Tamara Marks             
219,Isaac890    ,iyfsudecsuej,,Karla Adams              
220,Crystal088  ,syxheztfkwcp,ltss.ouhtp@b.org    ,Jeremiah Paul            
221,Lori058     ,jneoplnutbkd,bpeux.kffgn@a.org   ,Nichole Velasquez        
222,Gena499     ,adhtmzsjmjzh,hewe@h.net          ,Nancy Hampton            
223,Lakesha3    ,niwdfopbkcql,wflz.ezmy@y.com     ,Amber Liu                
224,Micah767    ,esruentthzpu,ahtg@m.com          ,Chanda Mendez            
225,Victoria644 ,fzyvmbjtvbdy,jhhap.ssts@i.net    ,Kristi Melton            
226,Donovan420  ,rsjgdvlnilln,hnwj0@b.org         ,Elisabeth Arnold         
227,Rodolfo160  ,nnwgvayolqyk,qdok@t.com          ,Adrienne Martinez        
228,Desiree582  ,ufpynvppuwck,nwdsn0@u.org        ,Justin Bryan             
229,Howard8     ,mgwphbiudxvg,xicqm.emeihz@l.com  ,Peggy Giles              
230,Derick477   ,rhzludvwguaa,dmmba@k.net         ,Evelyn Thompson          
231,Miranda315  ,uivcdyazcjld,vicof@e.net         ,Betty Bean               
232,Brett189    ,wzizyrermvuy,byynm.ffpd@h.org    ,Martha Vincent           
233,Cesar055    ,ibmdnwwpnnqr,hphe@k.net          ,Erik Horn                
234,Olga463     ,erhbbjpmnrym,hxvc.clvm@c.com     ,Tyson Ritter             
235,Christina077,pdojyryvtmyc,nypkm.fboegh@p.net  ,Shirley Mcgrath          
236,Nancy04     ,hyilyvqdzhmq,,Donald Jensen            
237,Brandi875   ,ievsnmtfbupc,alxj@q.com          ,Tammie Chen              
238,Penny711    ,smuqbhkayhbc,zgdei.mcbiot@b.com  ,Ralph Bartlett           
239,Jacob205    ,rgoydhosnbzu,qgiq.jdtva@f.net    ,Brett Norton             
240,Lindsay316  ,znakersffetb,whyym0@s.net        ,Gena Burton              
241,Jocelyn513  ,yijrfwsvfha ,teopc2@w.com        ,Jay Kramer               
242,Ty175       ,zgujcloldtqs,iaqjw.muvmz@e.org   ,Monique Boyd             
243,Carolyn184  ,qtqerygvqmbt,voel.pmclv@o.com    ,Noah Daniels             
244,Ericka108   ,lcjomgpbtglp,qzcq@y.org          ,Anitra Maddox            
245,Lashonda260 ,gylirqqsslzg,qbqgz2@j.com        ,Adriana Tanner           
246,Rafael347   ,npxewnbqiral,lvblx.noya@l.net    ,Jeannette Hopkins        
247,Alexander614,iffvfazpzlgx,dvjj.snloky@h.com   ,Rick Adams               
248,Frankie975  ,yqkqqblzlyiv,vfmze@y.net         ,Jocelyn Case             
249,Clay602     ,uikbtapxfhbq,pgkt@p.net          ,Christi Bryant           
250,Micheal791  ,islzibbfxztu,vmxwq.ykma@z.com    ,Lauren Lucas             
251,Janette971  ,lncwhtnqppxf,istom.ixrq@d.net    ,Robert Barnett           
252,Douglas088  ,nvysbqkbrxdh,ugzub.syjv@l.com    ,Lynette Villa            
253,Laurie082   ,gtvvvxiamvlj,kmrtz0@l.org        ,Sylvia Barrett           
254,Bradford35  ,lbjcqhjtxqlu,hmnpf@t.com         ,Michele Archer           
255,Elijah941   ,oxfevvwqfnkt,dngxq@u.com         ,Lucas Conley             
256,Alex331     ,gpndnifefbod,aery8@e.com         ,Alberto Gregory          
257,Erich691    ,dsgvtkvexurr,uvxqt.dsdisx@a.org  ,Kim Bartlett             
258,Eva874      ,vhmffzvgfndf,kviu0@i.org         ,Carl Richards            
259,Miguel440   ,biwrffdojmbt,uoeei2@j.org        ,Marie Mendoza            
260,Julie766    ,dxiqycgekuro,pedc.gkhhqs@m.com   ,Jacob Sawyer             
261,Barbara503  ,uesrxslrxiie,vwuou.qssyn@u.net   ,Cara Macias              
262,Kendrick205 ,xxfritntrmam,qryi.fsxdu@y.net    ,Vernon Montoya           
263,Scottie035  ,krrijdijjkhz,ewrp@g.com          ,Fred Bass                
264,Gabrielle8  ,hbhrfwdsffag,nbbn5@o.com         ,Dante Downs              
265,Gilbert056  ,exvouvbxefda,rrytd.pdxla@p.net   ,Chandra Parker           
266,Teddy502    ,bxefoovlzemb,ovhy.jdxlh@t.org    ,Connie Orozco            
267,Lora356     ,rvgrvfzzaajr,hioi.efcnvv@y.org   ,Ralph Zamora             
268,Brent103    ,iclhiwqsnbun,imlj.ohqx@z.org     ,Sandra Merritt           
269,Angelique126,ibximnuenzex,biwa@v.com          ,Kisha Hurst              
270,Tania191    ,aztoyehskxdp,sbnq@t.org          ,James Wolf               
271,Jon450      ,lurchqgkkfxk,mhoo.kkyt@b.net     ,Beth Payne               
272,Demetrius145,jfmzmrammewc,oxqdt.oegz@k.net    ,Lea Savage               
273,Nina272     ,kwrdewsgcakx,,Teddy Wilkins            
274,Clyde492    ,sfgeyerpylne,wbnvn.naymka@p.net  ,Suzanne Frazier          
275,Ruben589    ,koqezijdhtgd,cnah.zezch@d.org    ,Pete Owen                
276,Myron050    ,tahptveynzbq,pedmo9@n.com        ,Andrew Sullivan          
277,Frankie703  ,miizhhgnkgto,axsqi.sjelkn@v.org  ,Ericka Holder            
278,Caleb834    ,lburrhypktap,ivlfb@j.com         ,Miranda Mullins          
279,Crystal069  ,bodmoobxxxuf,nbnjd@c.com         ,Nathan Shepherd          
280,Kristina179 ,uolvfntkoavk,hoql9@w.org         ,Lindsay Carlson          
281,Susana50    ,bgbtglexslij,qqig0@d.org         ,Karla Austin             
282,Jolene88    ,rgqwkaosbpky,xjhb1@z.org         ,Alana Butler             
283,Natasha321  ,brqareqkljth,tlimu.zdqgdg@p.com  ,Wayne Ramirez            
284,Kent639     ,zhrcmvnmzyyb,thha.yrvyg@o.org    ,Luz Palmer               
285,Sara564     ,cpyosuzkbhek,hyvr3@v.com         ,Maria Shelton            
286,Marlon333   ,nkqqafbsvsra,ycamo.slgkxr@z.com  ,Austin Salas             
287,Juanita455  ,jxjyftpkgpqg,mrrvo.ejhi@o.com    ,Ronda Bowers             
288,Barry563    ,wpmynlkcdzwk,oxuac.lcbvn@d.org   ,Marc Bowman              
289,Ross459     ,ootflliuopuk,jhvf.qeqs@i.com     ,Travis Marshall          
290,Mark882     ,inakcdkcklek,dglo@r.com          ,Rex Conley               
291,Clifford763 ,iljosmehhyvh,rwqua.abmpp@z.org   ,Christian Richmond       
292,Erich541    ,wdsfvdumislk,ivsyt7@l.com        ,Clinton Collins          
293,Kerri551    ,lbvjmtactsga,vpgjd2@q.net        ,Joan Mullins             
294,Lindsey477  ,jmiakzygxmln,yrao.wvhe@g.net     ,Brooke Brandt            
295,Latanya197  ,ctbtwvsswdmj,igssx1@e.net        ,Ralph Mccall             
296,Rachael409  ,khelpuvgizlu,ztri6@k.com         ,Kelvin Proctor           
297,Jessica852  ,pfxduamlaedv,wbxe.xpidp@q.org    ,Alissa Romero            
298,Barry42     ,vpcegebhgntc,xsjjg.uygpw@a.com   ,Angelique Melendez       
299,Marci075    ,rhgyjbkyjfoh,umvm2@v.com         ,Jessie Suarez            
300,Walter554   ,klcwqejitpsb,sfpvo7@p.com        ,Joan Cordova             
301,Katie38     ,uhlhpwpalzbf,cierk6@p.net        ,Dwayne Barrett           
302,Shana541    ,nvwlumiqmkzi,jxor.oprxwz@n.com   ,Lea Yoder                
303,Alex353     ,jupupywknmxw,ykbf1@g.com         ,Jayson Hahn              
304,Adrian605   ,eazmrslkbkrl,rvbjd@s.org         ,Darnell Morse            
305,Kara076     ,iqoprukzdztc,rhxl9@t.com         ,Judith Guerra            
306,Claire454   ,pgwyocajyiha,iqaqe.jngfr@x.com   ,Connie Goodman           
307,Troy830     ,qhzhnkoujdbh,ingos.lucqnq@z.net  ,Janette Olson            
308,Kirsten453  ,sjksbcootzxk,kskvb.flpoe@w.com   ,Stuart Perkins           
309,Julian277   ,hpglhxnhdngf,kjixq.vibefn@n.org  ,Ross Joseph              
310,Byron423    ,yneltehapfwh,kovv.sbncb@d.org    ,Nick Pitts               
311,Shelly872   ,mejxtruxdlhi,coecg0@i.com        ,Kent Monroe              
312,Wade194     ,ezkcvpqaogdd,wcuwp.gqeq@a.net    ,Justin Mc Connell        
313,Kristian419 ,gajpkyntljgh,xrhko.syyqbl@g.org  ,
314,Liza470     ,ttfbmzemqubt,hfep9@f.net         ,Lucas Mullen             
315,Eric550     ,bigotpfiyguv,kxmfm.bjmar@t.net   ,Fernando Nash            
316,Jeremiah192 ,uswmmhkawppw,edvfo1@z.net        ,Benjamin Hester          
317,Margarita432,szkkmuomhjbk,veynt@k.org         ,Jeanette Howell          
318,Gerald853   ,uxvtzmarrdhu,fsmbr@o.com         ,Michael Beasley          
319,Dustin770   ,qgbyjrwuxdsi,lfky9@j.net         ,Brad Raymond             
320,Carey32     ,mkzlawfkpydh,snjb.cvtyej@s.org   ,Johanna Watkins          
321,Nathaniel877,cpcdnemdqqhc,ljdx@q.com          ,Robbie Livingston        
322,Shari616    ,ztcqmpehfxmf,yquag.drilsi@k.com  ,Gene Merritt             
323,Roland782   ,heomwkmgppmk,hbvrm@j.net         ,Gabriela Nunez           
324,Irene530    ,lwevaunnezrf,svmp1@e.org         ,Sophia Calhoun           
325,Teri575     ,epzcpgnfjong,lcobv@j.com         ,Beth Haley               
326,Constance960,snguwlcyxqbi,cyulv@r.net         ,Lynette Ellis            
327,Jess113     ,bzswmqqbtthb,ckal.qcxjoe@h.org   ,Dennis Fischer           
328,Kimberley010,iulagigcpnsj,entwl7@s.net        ,Cari Riggs               
329,Miriam843   ,zuwowidtcebx,abuz4@f.net         ,Andrea Cochran           
330,Aaron09     ,kjadtpwxqapw,bcdoj.fsxqn@k.com   ,Sarah Huerta             
331,Gabrielle615,asjbjliqvewi,avhm.itfgp@i.net    ,Alfredo Farley           
332,Donnie381   ,yfpizjwhfpjf,ctbga6@h.org        ,Claude Buck              
333,Ebony293    ,adjlpkdcbciz,rnzu6@d.org         ,Lawanda Yang             
334,Darnell23   ,zsfzuhpcuysz,qctbj.yhuho@d.com   ,Constance Fuller         
335,Jamal150    ,bsqwrlkymrpj,ogkoo@g.net         ,Angelina Hanson          
336,Marisol540  ,rtoiinhkpzrt,djyct.wwmrif@r.com  ,Rickey Hopkins           
337,Richard326  ,ucfxzmmasrb ,sahnc6@n.org        ,Gabriel Sanders          
338,Melissa332  ,tcgmmlsltvyu,pmvcw@f.com         ,Rochelle Sexton          
339,Betty960    ,tszephburxnj,vnvcs4@g.org        ,Eli Nixon                
340,Travis772   ,nqufxbgdpuhr,enrn.etzhoo@s.com   ,Tia Osborn               
341,Alexandra124,igaepivmidhk,akuhm@p.net         ,Tabatha Moss             
342,Jocelyn24   ,oduklulaygcq,lkkdg1@n.com        ,Reginald Schaefer        
343,Annie392    ,wxupyjehigqd,doww.kchzc@n.com    ,Alfredo Anderson         
344,Sheila628   ,cpoilvrprbrh,ssyog@v.org         ,Cecil Watson             
345,Brady433    ,rbargfiyrlzs,tuqs3@f.org         ,Virginia Horn            
346,Rosemary672 ,ppkgbfxwcvrp,wwxkx.mpmjx@b.net   ,Celeste Branch           
347,Brian20     ,xcleuxgcghvx,lipg3@m.com         ,Leslie Warren            
348,Marc286     ,rafmvpyigbcw,uvsya.iyjw@u.com    ,Marc Lindsey             
349,Nathaniel435,jsbnevfpdwue,gqkg.wttesy@t.net   ,Tyrone Haynes            
350,Bridgette843,kqfqctbbtbes,iojo1@w.com         ,Courtney Schmidt         
351,Marshall490 ,golygqtrador,wlpc.quyz@p.com     ,Rachel Duarte            
352,Darrell872  ,nchbrbjxksih,yegbc.cxyjpv@m.org  ,Kara Lozano              
353,Brian244    ,xzayubqigwrl,pdtwr.hqgm@c.org    ,Nicole Lowery            
354,Courtney69  ,odlxnvblgqcb,zjsl0@b.org         ,Donna Padilla            
355,Eddie333    ,ognosfnvqzot,ilzmf.ekmj@w.net    ,Saul Harmon              
356,George698   ,osgtntydwhxz,kglz@c.org          ,Dawn Ayala               
357,Carl611     ,ceuigbudjxda,czax8@h.com         ,Rodney Johnson           
358,Lorraine69  ,aafisptcnxhb,mnfsg5@h.net        ,Beverly Rice             
359,Kimberly039 ,dtpcnijniytq,mcnx9@a.com         ,Gilbert Burgess          
360,Shelia959   ,rhheefytsxjp,fenxm@h.org         ,Sandra Valencia          
361,Kirsten366  ,bszdzvxugxxp,fvuj5@f.net         ,Donnie Forbes            
362,Barry462    ,zvblbcihbmyk,iumgp.ziyxg@w.net   ,Molly Wong               
363,Daniel942   ,ftwguvlycoig,jsvtx.ecmqhd@r.net  ,Bradford Mcclain         
364,Nichole325  ,fzyfajjbhrci,tcjw@g.org          ,Sidney Bray              
365,Andre503    ,xeqfbvrsjmbv,rpye.yxdx@m.net     ,Kirk Roth                
366,Krista107   ,mfucylppfwjz,ataqj.pkil@i.org    ,Jesus Lawrence           
367,Leticia953  ,sziptakomksa,navql.fyizmn@r.com  ,Rachael Landry           
368,Kelvin730   ,rrvmjvjvmdcy,ukwhb.uimi@a.org    ,Gregory Poole            
369,Hector011   ,vnpdjhymzllj,nwmul.gbfivu@s.com  ,Jeff Jimenez             
370,Darrick745  ,qwmjreymkyoz,hhfj.lxcxea@h.net   ,Alfredo Crosby           
371,Roger847    ,abtpcoindcns,dyrvd.gmsn@i.com    ,Tina Tucker              
372,Tameka508   ,qbowszeoropc,gvce0@u.net         ,Rodolfo Villanueva       
373,Garrett864  ,xqepnlbmwnve,lkps.hycz@e.net     ,Melinda Bonilla          
374,Amy19       ,kehblddsagdl,xmxpa.asux@v.org    ,Jessica Potts            
375,Dina218     ,ukjdiekinyjw,vvuej@j.net         ,Nakia Lindsey            
376,Clay308     ,clhmzzbcgvdt,zsulo@u.com         ,Gwendolyn Ryan           
377,Andy119     ,fzgtyfvqelti,frop2@r.net         ,Kelvin Osborne           
378,Brendan847  ,tsonsvfchvcv,rwnp3@v.net         ,Ann Welch                
379,Shauna207   ,txczbdatrqdb,cnum.yglldc@l.org   ,Kim Gates                
380,Margarita474,xwyydnpmgkmb,ehee@h.com          ,Leo Cabrera              
381,Andre382    ,eulmucdesjyo,tdfea@v.net         ,Leroy Ramos              
382,Nikki229    ,cpfssienwavq,qrxc.dzgg@l.com     ,Kathy Yu                 
383,Barry721    ,fkmbmuiniali,fshvd.avxrt@m.org   ,Darrick Boyd             
384,Danielle846 ,emcutqqqqelz,fzni@r.org          ,Ron Stafford             
385,Ismael147   ,rejemnpiyxqb,femev6@e.net        ,Melvin Rosario           
386,Arthur742   ,oguqhbtojpbc,ltqv5@v.net         ,Cassandra Bender         
387,Louis604    ,pakzltknupum,inojt@d.com         ,Bonnie Robbins           
388,Jimmy686    ,lqwgtftgaahf,omapy2@u.com        ,Theodore Frost           
389,Bonnie924   ,vbswmviijthh,otdhm@d.com         ,Ross Schroeder           
390,Andy594     ,ouwvgofshjdh,wmawr.buqn@t.org    ,Marisa Shea              
391,Dewayne001  ,jxrennywewji,zsawa0@g.org        ,Darrick Glenn            
392,Gena641     ,tugbafkouuss,tlbh.zvbraa@t.org   ,Jimmie Whitney           
393,Ian998      ,jpbheytvchyc,mezwm.riuhv@d.com   ,Shawn Cowan              
394,Julian492   ,ylodnbzpvew ,vfucx@u.net         ,Quentin Park             
395,Caroline383 ,xpsneusojnrc,nydt.hpts@c.org     ,Ashley Norton            
396,Otis196     ,hwdkvxhinhfm,tzftt@f.net         ,Patricia Novak           
397,Chandra341  ,uhflfsxdwknb,ywvfr@s.com         ,Ross Green               
398,Leigh85     ,hddhdcdrfrwt,gywky0@f.com        ,Rodney Mullen            
399,Christian103,gwbevfzbuldc,atub@t.org          ,Tamara Zuniga            
400,Judy061     ,dcdtpnssaben,gjrof.mqgazs@z.org  ,Donovan Roberts          
401,Max254      ,heibezmsigdf,cvvj@a.com          ,Ann Morse                
402,Lorena740   ,ndfvevzhwnbs,xdad.asdv@x.org     ,Robyn Church             
403,Andre170    ,afvwnbmukdjy,ebfpj.uiurh@a.net   ,Clayton Roach            
404,Roy828      ,jdwpkewknond,qwqj@h.net          ,Jody Mayer               
405,Kelli250    ,kdlpzugvginq,jcoah.gmuqte@v.org  ,Jack Norton              
406,Ben144      ,nhggmmwroxmn,dvpii.vbbgf@n.org   ,Tasha Rojas              
407,Myra3       ,rljrdfrtrfif,xhbgh5@t.net        ,Roberta Farley           
408,Renee878    ,vzxdhnjkzkgd,uggem3@b.org        ,Claire Khan              
409,Brandy734   ,hwggbrysuipn,lvmo.fiyt@j.com     ,Katherine Davies         
410,Quincy59    ,hiwznorycdwh,mcpy.hvry@b.org     ,Angelina Weber           
411,Marvin832   ,mirgqzlwgcbo,woeu1@e.net         ,Christian Lambert        
412,Charles186  ,naapdhzfvxrd,ttskh@r.com         ,Phillip Schaefer         
413,Eva494      ,hwiizwktiarc,mrkm@g.net          ,Jo Mc Lean               
414,Rochelle544 ,wbhmazpxkhhi,uxlh6@e.org         ,Vivian Ayers             
415,Tomas813    ,tnhwroiidchh,hgor.ewka@k.net     ,Misti Schaefer           
416,Corey781    ,zhgagzombtbf,qlcee.lvihbj@h.com  ,Elena Aguirre            
417,Alonzo952   ,eybgnewgusdq,iqhp5@x.org         ,Frederick Clark          
418,Angie519    ,ztqyesbttysl,qiww.wqvva@w.com    ,Seth Tyler               
419,Kathleen47  ,rwhuliavfafz,wcmxh.nshbk@d.org   ,Cheri Santos             
420,Jean771     ,nclxkvdloqts,mweeq@o.net         ,Penny Beck               
421,Victoria502 ,intcqauvxhuf,vesm.ldvsa@q.net    ,Rickey Dean              
422,Lamont375   ,gufyxpixgab ,kbcp.lion@i.net     ,Kirsten Hughes           
423,Clifford991 ,buwuhpaeitfg,swky.jmmtb@b.net    ,Nathan Gregory           
424,Darrin148   ,heifsruhojgm,hipc.otoyiz@d.org   ,Trevor Harrington        
425,Clyde243    ,bwvxrssxshln,pfdrt.kumcie@y.org  ,Aisha Benton             
426,Diane104    ,xxfitawxhuex,owfda.mvhyh@l.com   ,Tameka Guzman            
427,Tomas998    ,sxhksoejeoof,khaw.kzwa@x.net     ,Clinton Perkins          
428,Iris122     ,lddlzrbwnhly,uvjv@u.org          ,Telly Hatfield           
429,Jerome215   ,nndvemkxduot,ylqu.luyz@f.net     ,
430,Jesse579    ,njrnzttubfpj,becu9@i.org         ,Theodore Boyle           
431,Owen169     ,jbczpgalumco,dvsax5@u.com        ,Alberto Rogers           
432,Amanda466   ,kusnccnvsubp,joftg.bbyqs@d.net   ,Michele Cervantes        
433,Guadalupe873,boquqgdvycum,tmurf.inzz@v.com    ,Edward Carter            
434,Ron080      ,rfzksybxyxdi,xlkm@q.net          ,Carey Hammond            
435,Rocky861    ,hrameihpfhvo,xpkhb@d.com         ,Staci Cochran            
436,Lorraine50  ,sumueftfruzi,sjptd@o.org         ,Cristina Mc Millan       
437,Garrett857  ,qzmtvzpvzjok,ugsz4@f.org         ,Anne Keith               
438,Colleen075  ,tortksphfvue,bpwm.uitdaw@k.com   ,Jenna Randall            
439,Joni837     ,elmrcfoaferv,hish1@k.org         ,Robin Frye               
440,Devon856    ,fuatlnzwxluh,qwlwx.xqedmc@w.org  ,Cornelius Baker          
441,Richard384  ,tuymvqxecxpb,pvcry.dcvuyz@s.net  ,Darrick Bean             
442,Marcie314   ,stsuiwcuxdjw,shhfj@l.net         ,Kyle Turner              
443,Nicole541   ,ghcuabnoupro,tksu@f.net          ,Leticia Cooke            
444,Keisha3     ,oeskcodfsabg,ihng.htbx@i.net     ,Donald Mc Daniel         
445,Simon650    ,aklbrpmdlaea,gyuv.cdzq@x.net     ,Lena Middleton           
446,Raul981     ,cgklzwxrsqkb,sliqy.aoxean@m.org  ,Gloria House             
447,Alonzo606   ,jukkursalawl,unkb.takgjr@n.com   ,Leo Weber                
448,Jesus123    ,oaaywbkdxipl,pgqa.lzprx@r.org    ,Alexander Roberts        
449,Victoria05  ,pehwazefrnoh,vbja1@n.net         ,Johnathan Castillo       
450,Rodney822   ,nfntssiaktfk,origr@n.org         ,Martha Conner            
451,Troy541     ,bfpvctyjyjaa,ptxlg5@v.com        ,Paige Russell            
452,Gretchen769 ,cbzlrhjpnaeq,msko6@b.org         ,Jeffrey Bean             
453,Cherie044   ,jwozdsxuyynu,ciim2@h.org         ,Mike Bird                
454,Alfred417   ,rioqedlfmzed,jmuzb@t.org         ,Darrick Welch            
455,Saul2       ,kkbtedupfayz,osoj@x.com          ,Abigail Dawson           
456,Nicolas398  ,wevmbeerkcqn,ixmbr.oycdd@h.com   ,Roland Diaz              
457,Abigail938  ,bkkqmtohflo ,oaxkn9@w.org        ,Carlos Nash              
458,Christine062,pzcqcbdmaemp,jtzl5@u.net         ,Edwin Sanford            
459,Tasha557    ,odtmmauleqse,xkdmp.qbth@d.org    ,Stephen Jimenez          
460,Keisha320   ,ytvlndqzjude,bamd9@p.net         ,Esmeralda Andersen       
461,Beth41      ,khbgqqnnujnv,drpn.pmrb@q.com     ,Michele Wyatt            
462,Lorraine788 ,kgcbxloprfxf,yxke@o.net          ,Keisha Pitts             
463,Claude755   ,kpzadvypgbvf,mdjds6@g.org        ,Clarissa Haynes          
464,Esther07    ,qqoygvpuxtkb,kiya@d.org          ,Cameron Reeves           
465,Chris838    ,ivhsubmylvxh,lffm@f.org          ,Ruth Rush                
466,Ruth780     ,utlcalcytabn,rufzw1@u.org        ,Karl Casey               
467,Don687      ,etosfgsyvkyu,ezuiy@z.com         ,Eli Wade                 
468,Christie037 ,jakegpfmbkqm,prky.yxxeeg@q.com   ,Laurie Snyder            
469,Leon814     ,khbigcsqinjd,llls.xyypmk@w.com   ,Rebekah Houston          
470,Brent283    ,myznzzvabuiv,ygri7@b.org         ,Shawna West              
471,Virginia821 ,vhwbctytavus,ngwa@i.org          ,Lora Charles             
472,Greg409     ,nrfbaizwahzu,nyeg.rsmii@v.org    ,Jill Garza               
473,Meredith267 ,hywvxunmnyky,bfxph.qjjub@a.org   ,Kimberley Thompson       
474,Jon733      ,ytyzltqgeqnx,yrdf8@u.net         ,Shannon Franklin         
475,Kelly773    ,qxhbesqdgvbo,wjli.clwu@v.org     ,Darin Beard              
476,Gustavo400  ,qenexdbvdklr,brkwo.ukquo@r.org   ,Luis Andersen            
477,Becky575    ,ungzucnqhoil,zjek.lezi@q.com     ,Carol Warner             
478,Marc624     ,lxfgowjzxlok,pehc.cosdia@n.org   ,Tisha Poole              
479,Katina057   ,bdhrcoqphstp,tqubp4@p.com        ,Marianne Walters         
480,Joe706      ,sssicwwnobka,ppmko.vfgirs@j.org  ,Jon Johnson              
481,Tom398      ,keeozradegsh,ggwkk.liop@z.org    ,Heather Rivers           
482,Peggy495    ,csrstothgdhy,ssrrt2@p.com        ,Tommy Lamb               
483,Yesenia643  ,xjqgwvzedmfl,rwfk.sokgfs@b.net   ,Jenna Gordon             
484,Virginia332 ,jlsqazqmizmk,qaca6@c.com         ,Damon Estes              
485,Patrice912  ,iwwpsbntalit,abqo@q.com          ,Wendell Campos           
486,Luis327     ,qjytdrharbek,swta8@l.net         ,Edith Ross               
487,Chad687     ,xoqkftvrrtiy,mzqx.bfpb@q.org     ,Yesenia Warner           
488,Felipe918   ,nhzdciqjwalw,suza@j.org          ,Larry Chase              
489,Irene279    ,yfojuipnvaio,,Malcolm Marks            
490,Shari025    ,dhhvpmckvauw,gmaz.tnltwg@a.net   ,Enrique Mc Gee           
491,Kyle488     ,edbagbkurhej,dtszu9@r.org        ,Loren Bartlett           
492,Terrence597 ,cowgjerefiia,gklum@y.net         ,Earl Waters              
493,Rosa181     ,dfvqfaafoluj,wwyam@x.org         ,Hilary Olsen             
494,Otis056     ,mgdkhosxznaa,sdpx4@m.com         ,Kristie Willis           
495,Darius747   ,uuoerybzqcci,oiww.crglr@c.net    ,Felipe Dominguez         
496,Teddy137    ,yyevnsuurian,gxuyh@b.com         ,Latisha Barron           
497,Lindsey775  ,hcbjwovfjjsz,icuo9@c.com         ,Donnell Hurst            
498,Telly97     ,njrtyjxtdwld,qnzc9@y.com         ,Donnell Maynard          
499,Misti666    ,eoulrvbfydim,wqek.mmfna@m.net    ,Hilary Patton            
500,Gilbert415  ,vowhvlwtiwqp,nrooe5@r.org        ,Arnold Jones             
501,Donovan471  ,udmugzstcxjf,txrs8@k.net         ,Roxanne Stein            
502,Martin69    ,xqxowhhlyvho,syky@n.net          ,Dale Davidson            
503,Betsy193    ,mnojwankhbnz,wdrt.pktqh@h.net    ,Ernest Santiago          
504,Myra205     ,gapvebthdyjr,uxnuu1@c.org        ,Damon Vazquez            
505,Willie472   ,httlbunesafp,vsdpd@r.net         ,Paige Clay               
506,Terrance203 ,hmkpdsgkmegj,mbedd.culmu@w.com   ,Lindsey Bruce            
507,Brett821    ,yxyknckfogro,mzswl.ogtwmv@p.com  ,Stacey Martin            
508,Lana443     ,mheujmjcitap,peviv@r.com         ,Ann Carr                 
509,Howard947   ,drnpapskxdvz,bhrz@n.com          ,Kenya Stafford           
510,Rolando74   ,agyqlasxqxwy,gfvi.mxkhc@v.com    ,Diana Espinoza           
511,Lara504     ,yigebjjisxkx,cwpbh3@b.com        ,Roman Bates              
512,Erik060     ,jziwtmcextni,qtxg.ygzddu@v.org   ,Keisha Daniel            
513,Todd754     ,etpolwofjzkr,jmgk5@x.com         ,Megan Walsh              
514,Charlie866  ,crxodufqetuj,lufkn.ktxspq@s.org  ,Lillian Gentry           
515,Traci642    ,mubofmlfbybl,pngyc.kvqb@r.org    ,Adriana Craig            
516,Elijah162   ,fjpgkfqdsemz,bvhd7@v.com         ,Jesus Mills              
517,Carol671    ,qmftrxfhpjvw,ykcje.odel@b.com    ,Allen Moody              
518,Lea473      ,nntiyababngz,arau.wnie@w.net     ,Bradford Harris          
519,Kerri321    ,vewpbuortskh,mmblt9@r.com        ,Raymond Harmon           
520,Courtney999 ,gtiqbcwizdoc,gcvno.zfqcoe@y.org  ,Alison Henry             
521,Clayton737  ,ummppplkwqhz,jlby4@i.org         ,Linda De Leon            
522,Alexander4  ,psdfnzzncuqg,tszpr6@o.com        ,Charlene Dominguez       
523,Darcy017    ,wyhmhzhttgxr,izkbw.jxwml@n.com   ,Dallas Benson            
524,Christian370,gfjgnaqwzwhq,psxy.kmeka@q.net    ,Israel Marshall          
525,Henry868    ,ndnfeqwjzcoz,nojv.mrxpru@z.org   ,Alexis Waller            
526,Roland248   ,tazvgmaeqfrb,ghlyd.tqwpxn@g.com  ,Rodolfo Sellers          
527,Trevor35    ,dcbkdbdpxfix,aspj6@a.com         ,Alex Holder              
528,Mindy492    ,qvthjztqpoel,yvhhv.gydprv@b.org  ,Darryl Silva             
529,Oliver238   ,ujzuoudkytkt,tzxd.gtqcj@v.net    ,Latanya Webb             
530,Angel988    ,uicwepcjdbah,qlhcu3@a.org        ,Joey Hampton             
531,Paula367    ,aaxomusanmcg,ginh@o.org          ,Celeste Middleton        
532,Cameron158  ,htruplpkphyq,jrcn@o.com          ,Krystal Lynn             
533,Steven609   ,hdjvemukqlfs,sdlj.ektgs@j.com    ,Irene Sellers            
534,Sonia449    ,kwyzckqdfqxr,vlsc.hgurj@t.net    ,Ian Contreras            
535,Bryant787   ,aomdfxpoyypj,uzgyx.ygwnbd@y.org  ,Rocky Obrien             
536,Meredith969 ,fhjatinyaaqg,kdzsg4@v.org        ,Yolanda Mc Millan        
537,Herman623   ,fqtskmfadfdu,mjtaa@p.net         ,Edward Rowland           
538,Rogelio846  ,hnxhqtkwesfw,ulsqx@p.net         ,Juan Arellano            
539,Faith636    ,ujbbowxnfnes,idmgf.bsqucw@i.net  ,Milton Fuentes           
540,Diane198    ,igoilgtfojvi,mwmo3@h.com         ,Gilbert Moreno           
541,Quincy451   ,jnjvgwnpuuri,gcjw.dsbi@w.com     ,Andre Harding            
542,Jesse196    ,ijuvfamauirj,gfuw6@p.com         ,Ryan Contreras           
543,Jess547     ,plkgwhkoqtvi,jszc9@u.org         ,Owen Burgess             
544,Alison676   ,rsinczrhtkia,nnes.yzdgmr@z.org   ,Joey Vazquez             
545,Guy110      ,qzneeaxyugif,jnmfb.whaent@a.com  ,Jorge Preston            
546,Camille225  ,zznzhyzvobii,nrxgs0@z.org        ,Lisa Bennett             
547,Richard133  ,hymmkutxxavu,mdir.wtom@p.org     ,Owen Sandoval            
548,Virgil202   ,ceefbgvcqwxn,lrxs.ezndy@a.org    ,Daphne Salazar           
549,Rick932     ,nxwyriefvbek,nikl@f.com          ,Angelique Willis         
550,Herbert975  ,ssrocmcbdkex,yimq.bpyofv@a.org   ,Matt Gilmore             
551,Perry742    ,ksfnxamzklpe,jjcty6@q.org        ,Wayne Phelps             
552,Ruben317    ,iekvzmltumj ,ldbji@z.net         ,Jodi Lane                
553,Emma264     ,zkkmcoealjaz,ezhsl.lwznfa@b.net  ,Autumn Benjamin          
554,Mickey024   ,juinfwndkwmc,mrso.npux@o.com     ,Tricia Mc Cormick        
555,Brenda974   ,lhuhmcpkmmwv,tzbeb8@a.com        ,Rusty Barr               
556,Norman195   ,ixafoomxtitv,jfucv9@n.com        ,Frederick Parks          
557,Tami148     ,hjryprlmwyqk,ehjr6@x.com         ,Mickey York              
558,Bret258     ,nlcvhndwnvff,lgca9@x.com         ,Cody Nicholson           
559,Harry684    ,tstbxzdwejyj,,Jana Duffy               
560,Donovan988  ,pjvorrvdinml,lege4@t.com         ,Anthony Kim              
561,Dominic67   ,mhkajgrwhmyl,papu.ujuy@d.org     ,Audrey Mercer            
562,Edgar017    ,kelwyehjiywt,myys2@d.org         ,Irma Saunders            
563,Terence777  ,qcycmyiturry,toaae0@x.com        ,Diana Riggs              
564,Terrence83  ,uyjkqxjhgksx,kkqi@g.com          ,Ginger Keith             
565,Jenna436    ,nuwyultinqoo,ntifu@i.com         ,Allyson Gonzales         
566,Yolanda561  ,letcdaiqwdgl,,Gabriela Hernandez       
567,Harold796   ,psyiwiskeqsu,jqnyw@t.com         ,Dana Powers              
568,Rocky074    ,lzrjweyjcwzo,lxfte@i.com         ,Ruth Bradshaw            
569,Robert735   ,bxuhtttqfgcp,sznz.fugy@q.org     ,Jerrod Myers             
570,Kisha334    ,ystqloarelxo,nadx@c.com          ,Jon Leblanc              
571,Rudy762     ,fvoiixwfooid,qkqq.asrfx@l.net    ,Javier Stanley           
572,Alejandro747,ajdlwfotbofa,cnkwa6@p.com        ,Theresa Henderson        
573,Sally967    ,woutofhwhhxj,stbdc.nujdjy@l.com  ,Lindsay Lynn             
574,Jared365    ,bijpmvrbwmpq,ngkd@q.org          ,Roger Scott              
575,Mathew000   ,isyehubniekw,bxbjl.fkvw@z.com    ,Adriana Weber            
576,Cody96      ,pavhefnnfxbe,rpxx@e.com          ,Marjorie Morton          
577,Faith118    ,nkmixumiivvo,lfzke@w.org         ,Alissa Valenzuela        
578,Christy390  ,xiouzpialnno,tbqge3@d.com        ,Carol Hamilton           
579,Shelia337   ,rsswigtbpsgr,tvyr.jypcf@p.com    ,Allyson Hood             
580,Molly563    ,jjonwdinnvfm,elor.ztyvn@b.com    ,Tommy Petty              
581,Sarah246    ,rlvkngdobigv,nqpb.skas@k.net     ,Earnest Washington       
582,Cherie289   ,ieosqrtswqni,xmyn6@a.net         ,Darnell Cain             
583,Robbie685   ,nlpkidrgxflj,rebq.derd@q.com     ,Duane Ewing              
584,Aimee590    ,gmmkydymvxpo,meqr.lwge@x.org     ,Anne Mullen              
585,Paula500    ,kzvyqvhnzwrc,ahaxt.vywxe@s.com   ,Brad Frazier             
586,Richard477  ,baofmogoofne,nsqy@m.com          ,Ernest Moss              
587,Gordon517   ,pbtygwnlozrk,mrgm.adosw@v.org    ,Byron Barton             
588,Morgan020   ,agywwlbdiycn,kxue.smffni@n.com   ,Rudy Kline               
589,Alfonso135  ,ezwcnxbumtgn,psny0@m.org         ,Rachel Espinoza          
590,Demetrius020,oyboddaomrcc,mvtq.bjyf@a.net     ,Jonathon Chapman         
591,Douglas426  ,uuwfxefplfxk,yadam@q.net         ,Samantha Tucker          
592,Brian945    ,jnjcfebqwpfe,ezzix.ilqhb@m.net   ,Esmeralda Brandt         
593,Claire450   ,sgajyhupigyi,fnly.ywjpxb@j.com   ,Anna Rogers              
594,Taryn934    ,wnasasemhukl,efojp.jekn@w.com    ,Linda Cooke              
595,Roman16     ,fwrbpuimuypc,bxnef@n.net         ,Andres Rodriguez         
596,Ivan975     ,bayrrktxkiax,dgcqt.atbm@c.com    ,Sabrina Dean             
597,Julius886   ,yigrsrywtgtf,jdgeg.lkuhrk@x.org  ,Gregg Salinas            
598,Shirley754  ,sldukfwnpurk,vqnff@j.com         ,Howard Bowers            
599,Kara738     ,ekpestzjgxyu,lncnp.kubak@g.org   ,Ramona Dunn              
600,Tabitha363  ,qxhshpzmlgqj,swhic.wlfvog@x.org  ,Telly Stout              
601,Ira250      ,huvwmsoogcoo,wobc.xfigac@c.org   ,Kathryn Campbell         
602,Betsy706    ,ozhnfguezqou,kkynm5@q.com        ,Ismael Church            
603,Lauren059   ,zigjpvogtmol,rhtk7@m.org         ,Natasha Hardy            
604,Cameron737  ,qsdwbtruxsxg,fatj.zvoytd@u.com   ,Penny Wall               
605,Alana603    ,ubkguxbcrlbj,ijnhv6@x.com        ,Bridget Mc Knight        
606,Elizabeth340,gdngkuyvhnre,lxbn@e.com          ,Ralph House              
607,Mandy044    ,lvsvlcsuddsy,kfene@c.com         ,Erik Madden              
608,Irene214    ,nbhcpiyokdre,omih.feitvi@v.net   ,Alfonso Gallegos         
609,Leon80      ,omgxjynfpbba,qctaq@e.org         ,Marcella Parsons         
610,Darla281    ,yudjwueargp ,cfac.hgacc@d.com    ,Mickey Hamilton          
611,Lori855     ,phxnqezgmvzm,lclvv3@l.org        ,Tony Trevino             
612,Bernard841  ,cskxxbeesrxa,zxbv.ibotx@f.org    ,Latasha Kramer           
613,Tracey912   ,xwqwfbuifwcx,jnbv.nlopns@d.com   ,Barbara Bowers           
614,Constance270,lusaqryjvjkz,qttw.mgkh@o.net     ,Benny Beltran            
615,Franklin519 ,oamwxtqvdgux,bloxj8@a.com        ,Guadalupe Adams          
616,Tomas875    ,yaqpuhsnttxb,xanj0@l.net         ,Jonathon Rogers          
617,Calvin226   ,bhsqkzzksgqu,yadjn.hrnb@m.com    ,Jamal Rodriguez          
618,Enrique100  ,xpltirgupaed,caqju.pfxyni@d.net  ,Charles Duarte           
619,Joann858    ,eqsugzukbbtz,hcuwd5@v.com        ,Joan Franco              
620,Cynthia82   ,cbsdbzyytpfy,ojav@d.org          ,Jordan Esparza           
621,Gabriela39  ,xaaqbfjxpmqx,rqqcd@g.com         ,Ramona Frank             
622,Elisabeth041,zxtyowzaxfgh,jtno@r.com          ,Naomi Liu                
623,Sheri489    ,zuvxseyhtwou,rqcne2@e.org        ,Janine Moses             
624,Danielle255 ,xhletyucsrdy,zewh@m.net          ,Clarissa Hernandez       
625,Steve070    ,klqiypbtjpfn,vqed.vbuvwu@y.net   ,Colleen Ochoa            
626,Fernando700 ,gudfhcgecybq,vocm.bqexa@e.net    ,Nikki Brock              
627,Holly730    ,yguopwdpedwh,domzx4@z.net        ,Joel Landry              
628,Antonio176  ,kzvfhraxemqk,mlmj@b.org          ,Bryce Huffman            
629,Aimee447    ,pbftbrriowan,mwoaw@a.net         ,Ernesto Reyes            
630,Kristen850  ,jylxlfngphuw,vcyvq7@b.com        ,Sheila Howard            
631,Darnell250  ,pqvcckgvwgue,jpko5@g.net         ,Rhonda Grant             
632,Myron719    ,jvbvbtkkiiae,yxoth1@v.net        ,Annette Rose             
633,Mary790     ,awqgwfokeaiw,lsvvn.dvya@v.net    ,Jeanne Boyle             
634,Rebecca644  ,svjzdqcuzhnb,gdlnv@a.org         ,Marie Dunlap             
635,Latasha565  ,iyikpiwvjtyq,ejbj@s.org          ,Andy Novak               
636,Rosa14      ,ymfgzhslmyhv,oxxo.qtdd@f.net     ,Gilbert Reynolds         
637,Alexandra869,ldkeexwvsxuf,vqawz.ngkpzq@d.com  ,Maribel Carroll          
638,Serena29    ,tsfhmohzixud,wwgua3@o.net        ,Colby Trujillo           
639,Juan441     ,kglxzdulliia,ekpx.cnki@j.net     ,Matt Singleton           
640,Tricia116   ,kvfmaadguzcf,fhhnh.schghy@d.org  ,Garry Landry             
641,Dean061     ,dnhmqjioknze,mqhi.crns@a.com     ,Carlton Cannon           
642,Sherman374  ,rignkypeovih,cdnx@t.net          ,Angelia Cisneros         
643,Kevin899    ,btwhvzifbhhw,czoz3@p.net         ,Sherry Lynch             
644,Tonya157    ,eduzwgmnflhw,,Randall Dickerson        
645,Lena589     ,ojajvyshxhhm,zwyr@f.com          ,Marcie Robbins           
646,Ray93       ,repakkwobqcx,pzppo@d.net         ,Jess Shaffer             
647,Rachael635  ,dwlvumqkutpe,vojuu.txtzj@y.net   ,Andre Wong               
648,Guillermo489,dkobbuggllub,osdll@f.com         ,Terra Dorsey             
649,Randy270    ,amuriqaxavfi,snjaw@p.org         ,Amie Hancock             
650,Hollie928   ,phjpehqpnaow,gqced.hqfg@a.net    ,Staci Bush               
651,Victor779   ,fuhzlrflocjx,ajvsh@i.net         ,Damon Foley              
652,Darryl653   ,qzkpmeowkcbn,bbyt@z.net          ,Howard Huang             
653,Stephen628  ,zoeaunanrtgg,paxq.siqpja@r.net   ,Rosemary O'Neal          
654,Fernando910 ,oncfabyfxaex,znghh8@w.com        ,Alex Shepard             
655,Alfred037   ,netxlzpjdcwd,cuegz@h.org         ,Carol Fowler             
656,Carla52     ,qdqgtgszapbo,cswjo.tlnkjx@t.com  ,Diane Watkins            
657,Naomi557    ,jsrzbyoxfhph,smsjd8@f.net        ,Ronda Acosta             
658,Harold979   ,kofxpequpemt,jpenk@x.net         ,Jenifer Salinas          
659,Lorenzo781  ,dgvufmbosdui,xsfzd7@s.net        ,Lewis Horton             
660,Jake14      ,ofayczduowkr,sonao.bqaepq@w.org  ,Billy Williams           
661,Teddy719    ,ztxeehfkykrj,azxew.utnjzq@b.org  ,Melisa Rocha             
662,Melisa683   ,pqdixadvbdic,ctrb.wqnwd@j.net    ,Terri Randall            
663,Natasha41   ,yfvvzptbgjho,odzea.rpym@s.org    ,Anita Harrington         
664,Elton787    ,bpkmugymdetd,mflow.xfcqn@d.org   ,Jonathon Landry          
665,Melinda878  ,yztgzxgtehwn,zpsb.gzmb@k.net     ,Kimberley Navarro        
666,Joy50       ,iwsvifvsnmkj,espyf.hkpmcp@r.net  ,Carmen Hansen            
667,Trina735    ,qxtysylnzblb,omqo@j.net          ,Tamika Chaney            
668,Julia936    ,ackmnjackiow,pbgf.mzctm@m.net    ,Calvin Miranda           
669,Bobbi501    ,fcfeehyybdec,hdkpa@b.org         ,Summer Hensley           
670,Paula768    ,byrrkmcfppqo,cxoud@j.net         ,Ted Roberson             
671,Krystal14   ,tqtrcwwukowq,ptxbl1@m.net        ,Cheryl Munoz             
672,Wanda469    ,fioembhexduz,kweik.iosoux@d.org  ,Leonard Ewing            
673,Esteban711  ,vnqgiwajfhoc,swsd@k.net          ,Terrell Fritz            
674,Julia727    ,wyegftemwdod,gidz@o.com          ,Caroline Barajas         
675,Frankie945  ,mhlouvumqwmm,rbkl.pafn@b.net     ,Sherry Guerra            
676,Carol036    ,viyzciydcweb,xkci@u.org          ,Salvador Whitney         
677,Matthew613  ,hdohdqwqftiy,llue@j.com          ,Ana Burgess              
678,Perry836    ,kwphjepdyhhx,zkbm.gdxoc@m.net    ,Willie Livingston        
679,Priscilla452,xkglcywtmahf,ogks.pupo@y.com     ,Yolanda Pratt            
680,Tanisha123  ,cqzofotmsduc,rons.qboy@l.com     ,Johnnie Jenkins          
681,Herbert654  ,gckixhjngdtp,bdxff@u.org         ,Rebekah Combs            
682,Moses885    ,tylqtkmsjzjy,weml8@m.com         ,Mark Rios                
683,Frank082    ,dqiyfqphpsg ,qopjw@g.com         ,Jami Gates               
684,Darrin680   ,ixqydjktsywr,iyhk.wjjsb@d.com    ,Rick House               
685,Damion798   ,enqdojzwzodx,qnfk@t.com          ,Charlene Sweeney         
686,Julian08    ,iwmxayiwgrfe,bvnn.uqiff@p.net    ,Camille Fuller           
687,Tamiko946   ,xapmgytktcsk,bqvi8@i.com         ,Jason Bush               
688,Linda930    ,byokwbhfsoxl,ytife.gwaf@o.org    ,Charlie Briggs           
689,Rebecca443  ,gdmhbmnrmuee,japb.fbsq@d.net     ,Jerrod Villarreal        
690,Kristi005   ,ypaytcmozvj ,nhjd.jptbpl@l.com   ,Efrain Melendez          
691,Jodie981    ,rzvhppzocpet,txsn@z.com          ,Jocelyn Lowery           
692,Joni943     ,exkntyrflgdq,tppx.rbkigz@m.net   ,Lena Nash                
693,Stacy79     ,ucwcaymrkdrj,fyjpz@g.com         ,Veronica Caldwell        
694,Virgil539   ,pzlzvhiumpfo,huyql.wvjdt@m.net   ,Jamie Leblanc            
695,Brock130    ,mmkmmkztkkvh,jnbd@g.org          ,Zachary Calderon         
696,Jodie671    ,lvmsqkpgaalh,hjnjm.jcqpgt@k.net  ,Beverly Frye             
697,Paul421     ,uoszcputpgwl,sdrn4@r.net         ,
698,Jenna0      ,hmdvspavvbzy,modh7@s.com         ,Malcolm Elliott          
699,Russell329  ,eyolhfcnhhwr,eekif.vbmqc@c.com   ,Lawanda Bowman           
700,Henry891    ,ftjkwtawyfkg,womwu.mwaq@g.net    ,Marcos Wiggins           
701,Alan615     ,dvbxxnfjlfoi,olabx@t.com         ,Sonia Huerta             
702,Gregg696    ,vlndltgnggwq,pwqpl.mqvkm@i.net   ,
703,Angelica481 ,zbbkijpdytkf,eirn@n.net          ,Billy Riddle             
704,Spencer694  ,wjglafulvjnk,napae.dfdh@x.org    ,John Suarez              
705,Tia064      ,vagsvuzsayij,bwrdp@b.org         ,Kirk Camacho             
706,Sherry5     ,fwncdhumvmzx,mtexf@b.org         ,Tera Espinoza            
707,Monica916   ,tgvonrgmpgtr,ckkjh.hgfn@r.net    ,Samuel Ward              
708,Frank031    ,ictzudaolgr ,prqlx.lxknl@v.org   ,Spencer Curry            
709,Nelson871   ,otmumqkxvsgn,djgv6@m.org         ,Deborah Williamson       
710,Chris180    ,zkeqlhbrckvl,zcrv.vwbhn@l.com    ,Alisa Peters             
711,Roland171   ,xozxabquysqt,hsrnz.vxjd@v.org    ,Erika Flores             
712,Marci165    ,etvvmvpuawm ,uzzf@y.net          ,Austin Stout             
713,Marianne647 ,cvieebjxmgoj,qzus.skra@d.com     ,Victor Pearson           
714,Alyssa732   ,ealohresflyn,mdnmb2@r.org        ,Dora Pacheco             
715,Karl789     ,oiwlgsofkyek,accii@e.com         ,Dianna Fowler            
716,Ricky675    ,sulhmwkvgkxo,aoed1@z.com         ,Rusty Crane              
717,Gabrielle228,ydznlkkrfukl,egkm.vmul@n.net     ,Teresa Ponce             
718,Megan997    ,epzzokhytlpu,krnq5@f.net         ,Keith Herrera            
719,Bonnie892   ,kacxxmmjmndg,mloi@c.org          ,Carla Collins            
720,Kerrie318   ,kmaymzdvcgdy,ggeur.qihje@j.org   ,Susan Gaines             
721,Janine34    ,ahvnsfqmiscf,ulsk.xpgh@x.org     ,Tabitha Hester           
722,Tracie550   ,dnwmhkyqnwnm,jlqsj@q.org         ,Carlos Choi              
723,Ann543      ,kugajqrdfyg ,vayl@o.net          ,Beverly Ford             
724,Travis569   ,mngmzigroxzz,jwnyd.jjqymu@o.org  ,Randal Frazier           
725,Lakeisha196 ,vgmdbptllwtj,wqrud5@o.net        ,Shelly Williams          
726,Dawn96      ,jvbxzchmfxbs,umrrr@r.com         ,Julius Cross             
727,Bryon59     ,lmouyafscvzk,nnbb.zhlalt@f.com   ,Craig Wang               
728,Christie460 ,yasngvibkvuy,xazzv.ghnxr@z.org   ,Maurice Olsen            
729,Anne149     ,pufkwzujbujo,axtk6@s.org         ,Hannah Berry             
730,Glen539     ,hsfedmxhtqcv,bhdwy3@k.net        ,Eddie Melton             
731,Donnell374  ,rkilopwpcysr,uspwd@n.net         ,Tyrone Goodwin           
732,Elizabeth747,kvghbahfxxol,azla.uzehhr@x.net   ,Patrice Hunt             
733,Katherine578,lnhkvdvxyjyn,gkim.pnnff@d.com    ,Alissa Campbell          
734,April053    ,sfchtkwbgkmk,vvfjl6@v.com        ,Darryl Zimmerman         
735,Latoya917   ,fnteosolxhdo,mifme@w.org         ,Krystal Frost            
736,Ben455      ,azbbxghysear,wlbi4@x.net         ,Priscilla Saunders       
737,Luke476     ,nwiniiozulyq,wguim4@r.com        ,Wade Marks               
738,Yolanda993  ,qhwtaahrobic,ozle0@i.org         ,Kate Watson              
739,Alma673     ,asqrplfzhudr,hkiyj1@r.net        ,Autumn Beltran           
740,Amelia811   ,aiydvdiykrvp,aaef.acuj@e.net     ,Angelia Kidd             
741,Lana415     ,barsuodoupqn,impeg5@s.net        ,Steven Wood              
742,Garrett564  ,ksjzejgcbfin,wljc.gapvoz@h.net   ,Loretta Medina           
743,Beverly203  ,rsulkxgloovo,mzgia@b.com         ,Toni Gilbert             
744,Chadwick666 ,scftzheavcsx,owyq3@a.com         ,Francisco Delgado        
745,Tommy471    ,srmqzkvyliq ,coydm1@m.net        ,Cedric Malone            
746,Pamela327   ,jjiuogtdfqru,ifuom9@k.org        ,Calvin Cobb              
747,Frankie297  ,lzqjobsqazvc,sejkh6@g.net        ,Don Hawkins              
748,Karen547    ,hkgtxaaruclu,ojyb@x.org          ,Molly Brady              
749,Jake580     ,vcnbwmfbvzaq,owkg.bwwxbf@d.net   ,Lakisha White            
750,Teddy10     ,nxbrykfxlkah,tucv.vnor@q.com     ,Kendrick Griffith        
751,Tami039     ,keurxcmhtue ,kfoa@v.net          ,Enrique Schmidt          
752,Ronnie522   ,pgvdvmnecmh ,dtdi@i.net          ,Guy Dougherty            
753,Eileen542   ,crnvlvbiypay,lqcii.irsiwo@a.net  ,Amie Petty               
754,Adrienne446 ,iamjtyrtfpcc,lqiav@z.net         ,Oliver Rice              
755,Bruce830    ,aoynpoyfitqu,irjk6@g.org         ,Maureen Knight           
756,Robin051    ,vubqtvvkhggg,ncxv.acnxot@j.net   ,Herman Terrell           
757,Jay590      ,mrqyciimbaou,dzvp.dirk@k.net     ,Iris Rush                
758,Jim729      ,bxjxsnyimxdt,rdeiu.itnc@u.com    ,Armando Stokes           
759,Allison447  ,mfiafqpcxdcs,mccp@k.net          ,Rudy Lambert             
760,Natalie084  ,jwdtacgribjj,wqgaj.kndtlk@s.org  ,Scotty Knapp             
761,Rex445      ,iyakbpxtriet,kxqk@v.com          ,Linda Marquez            
762,Darrick576  ,slodkruwvocp,rfovc@t.net         ,Priscilla Mosley         
763,Tami751     ,uersogtbpqwp,rnzpo.oqsicj@w.com  ,Sidney Chen              
764,Kenny76     ,mntjjmxfhwjn,punt@t.org          ,Jane George              
765,Maureen247  ,ddkjjcvokiaq,orpl.rnko@l.com     ,Becky Downs              
766,Pedro276    ,plwxrmywhkbb,bxjee.pwsf@e.net    ,Derick Blanchard         
767,Clinton359  ,dlzuireujskx,gdfwu.avnd@y.net    ,Terra Riggs              
768,Jesus003    ,ycelmyortsmk,pzie.sqjyqy@h.org   ,Sonja Abbott             
769,Amanda592   ,ekghisppvkda,zjgw.kerrl@l.org    ,Nathaniel Cruz           
770,Rachelle358 ,nrwpldmulnfo,wagzb@j.org         ,Moses Fritz              
771,Abigail131  ,jesjfntbuhnc,pjpt8@r.net         ,Elizabeth Krueger        
772,Shanna585   ,eydrahdvdxfg,wdxcz8@q.com        ,Brandon Fischer          
773,Celeste0    ,alhokpaeozng,vqpny@g.org         ,Cynthia Bowen            
774,Colleen188  ,mefcrvjvtdui,pipg@r.net          ,Isabel Barber            
775,Jerome54    ,eljvpnwvmuwu,wurse.daxvbt@n.com  ,Angelia Salas            
776,Jimmie727   ,vdbntomefdle,safi.lrnh@u.org     ,Moses Castillo           
777,Lamar42     ,ninqawcykutp,nhnx@g.org          ,Steven Graham            
778,Frank139    ,qobvxobpzyvx,ktvg.htwvym@t.net   ,Rafael Marshall          
779,Sonia838    ,nwgsguxltnxx,pqaja@z.net         ,Kimberly Salinas         
780,Sammy560    ,mlyihxcsqqyo,,Julius Rodriguez         
781,Ramon035    ,yezklpsshvnh,mpheo.qupmm@n.net   ,Ana Buck                 
782,Isabel029   ,vshljoeinwrw,jtkzj@l.org         ,Carla Gibson             
783,Marc113     ,joonodjxcvzz,nqxds@a.net         ,Cathy Noble              
784,Greg98      ,gyvwyfxlpmqh,sapiy.zgyc@d.org    ,Kristy Mcgrath           
785,Tammie267   ,ebvtlbmiagfo,qlmzl@e.org         ,Mario Rios               
786,Hannah754   ,vnqvguylatvt,aglm6@m.com         ,Leonardo Todd            
787,Franklin579 ,igdqxgdryqub,kjecb.ufeek@m.com   ,Dominick Bates           
788,Gerardo086  ,ddbusafjilkl,hzuo.ovsi@r.org     ,Hector Mason             
789,Andy896     ,czexlhofaqkf,xdgpn.hhky@s.com    ,Lucas Frazier            
790,Darrick559  ,esizmhsyibud,yarp.zucx@y.net     ,Billy Long               
791,Tanisha817  ,lhjvozvtvjrh,vnmt@c.net          ,Carla Lynn               
792,Patricia393 ,exiayxkgypap,xpxsv@p.net         ,Deanna Farley            
793,Belinda55   ,nejwizytrcgy,jwpv@x.com          ,Elton Brock              
794,Jamison781  ,ifmyjgkckuxb,cairv7@u.com        ,Rachelle Zavala          
795,Leigh195    ,wstgsrwwaemq,clax6@b.net         ,Roderick Navarro         
796,Kenny479    ,dxlyjywmwzvx,,Alfred Rodgers           
797,Alexandra441,fnftoybxzqil,uncc@g.net          ,Jocelyn Costa            
798,Gregory214  ,lqmbrdzjeqbf,algsu@x.org         ,Rene Petersen            
799,Perry551    ,mgbpuiinyngp,vmfy@y.net          ,Jarrod Powell            
800,Rickey745   ,bvrstnxjjbuh,txbw@i.com          ,Casey Cooke              
801,Tiffany73   ,byoxklelojon,poktb@d.net         ,Catherine Wiggins        
802,Adrian683   ,hxchacterodh,fwnf.egppw@i.com    ,Cheri Young              
803,Timmy304    ,uyigndpndtdg,oyoy.alnj@i.com     ,Everett Bauer            
804,Lena506     ,qibwiyzsdabz,blwic.qvgslk@f.com  ,Alison Mueller           
805,Craig379    ,rqbxmihwyoey,xjge.curoys@t.org   ,Lawanda Riley            
806,Emily565    ,xqmzewrydcql,wcicu.tkehss@w.com  ,Jill Murray              
807,Arturo594   ,evnbfzbfaawe,rpsqz6@w.org        ,Robyn Valdez             
808,Jeff983     ,oxfmkgtumkkx,rnzmw.vjbcqa@q.com  ,
809,Isaac54     ,ykbsohobqfnw,agmk.khcbse@u.net   ,Marcia Rosario           
810,Dora305     ,fptwoupkqaqq,gmqp7@k.org         ,Susan Shah               
811,Latasha50   ,dqulfpkctoik,adco.zjgh@k.com     ,Francis Morgan           
812,Lindsey736  ,vuudpzxbkwmh,endr@v.net          ,Todd Hays                
813,Brandon330  ,zagovuptsbty,pkvdj4@i.net        ,Celeste Whitney          
814,Latasha313  ,occjxjtjsbmx,uwahs7@v.com        ,Jenny Guzman             
815,Paige497    ,xnhvcwyhjhkt,gxolc@j.com         ,Jocelyn Pham             
816,Erin992     ,haeznxdykpyi,sznst.xzvzp@b.org   ,Alyssa Zavala            
817,Lucas897    ,opmgltwdfbiy,mvzfm5@e.org        ,Oliver Nguyen            
818,Roxanne621  ,amxfkmwbcbwf,pyzf.fybx@n.com     ,Sherrie Hester           
819,Jasmine770  ,pmolmugflfzi,hzuv.qwkdp@i.net    ,Lesley Scott             
820,Josephine64 ,xietwapyxvtk,dhrmj.gkyu@d.org    ,Kerri Mccarty            
821,Tyrone325   ,abrlkxtzfxhq,dclzg.mhfu@s.com    ,Norman Conley            
822,Dwight350   ,fhrgwtfwnqys,eujxx.qkkeze@b.com  ,Randolph Parrish         
823,Tamara866   ,dsmydhcervbt,bpkg.sqbufq@a.com   ,Natalie Swanson          
824,Felix897    ,hqllhybulndw,qcuc.wgghm@s.org    ,Beverly Walker           
825,Michelle541 ,abkhgtgduaxs,gvwx1@h.org         ,Micah Wolf               
826,Kyle040     ,julghbeuokwi,vcswc.qysnx@j.net   ,Jeremy Rojas             
827,Francis451  ,dhovptgrqxfe,geje.qrvuzj@s.com   ,Ernest Mckinney          
828,Tracie780   ,tojhhnqssqdf,njwmg.adqv@w.net    ,Cassie Mahoney           
829,Ian183      ,knolryigtmzg,hjlxy@v.org         ,Damion Roman             
830,Josh130     ,bzwftyghndlc,afkwc7@b.com        ,Ira Bryant               
831,Yolanda851  ,gmhklfohymqa,dbxsm2@n.org        ,Lakesha Velazquez        
832,Charlene466 ,mmlqispjphqj,xjoln@k.org         ,Morgan Salazar           
833,Teddy644    ,mqxaltkmymlc,golb@x.org          ,Nina Stafford            
834,Albert759   ,orrcyniqzvbz,cvbdd@f.com         ,Rachel Cantrell          
835,Alejandro520,depysaykygmp,uppe.airpuy@q.com   ,Blake Humphrey           
836,Gordon538   ,mlpkvnoryxgk,xmlrk2@c.org        ,Julie Alvarado           
837,Stephanie241,yancprygfxgt,vgkd.jrocqk@v.net   ,Francis Riggs            
838,Micheal159  ,wfyxwdkyfygi,qgkqd@q.org         ,Walter Morton            
839,Marci734    ,htpbyhaklgng,dnbj.ndamu@y.com    ,Kristine Edwards         
840,Marisa901   ,mjxeadnpacgo,opzu0@p.net         ,Rickey Chaney            
841,Gregory07   ,yikbdcigroau,tavmw5@e.org        ,Fredrick Hamilton        
842,Steven379   ,svibxizpmjie,shha.gvggst@t.org   ,Alana Valdez             
843,Gina68      ,ebfpvvzvutee,fygy.pspnp@a.org    ,Clay Salas               
844,Alison989   ,nivmeahfcbch,ketf.irus@e.net     ,Wallace Mathews          
845,Holly141    ,qkmpwgrlbtlw,rcag3@e.org         ,Vincent Andrade          
846,Lashonda985 ,qeknhzsbuwpd,gpicp.cczew@b.net   ,Javier Kim               
847,Janice629   ,fftkekhkdyhj,yffo@u.net          ,Caroline Wilkerson       
848,Ebony496    ,oldavjzdwzln,yqog.xlgvm@p.com    ,Neal Hill                
849,Anna450     ,sephvrllelev,syhp@p.net          ,Kristie Ochoa            
850,Kelley966   ,phlemyoiofev,atcfd.umrp@e.net    ,Ray Hensley              
851,Andre858    ,qtxyxisuoljy,gpncs.nxmmnp@w.net  ,Audra Mc Bride           
852,Priscilla454,xirullafnkzt,bddq.kjtwg@b.net    ,Kate Mills               
853,Liza071     ,utrnbegpqcfi,wotv5@t.net         ,Chester Day              
854,Alexandra547,jikopvygnqun,unvqt.dwtp@m.org    ,Quincy Buckley           
855,Bryant1     ,akvetoecvjwf,,Myra Lamb                
856,Bruce350    ,pudsntharjmy,ptedi.enzpx@u.net   ,Warren Chen              
857,Eddie264    ,egcegrqzckog,yeig.artq@c.net     ,Esther Craig             
858,Beth589     ,xvcddgtqeumg,egikn2@v.com        ,Omar Velazquez           
859,Cari760     ,nnyflqrmlhhq,zvpav@w.org         ,James Robles             
860,Scottie211  ,kxzcditvqnab,yohfc.blmfa@g.net   ,Natalie Arias            
861,Ann828      ,trdgoniiigej,rekkn.uxgcga@v.net  ,Catherine Booth          
862,Brandy908   ,eqttdvkqbkx ,gqwg.fkwrfk@x.org   ,Jenna Duarte             
863,Annie597    ,actkuhnvypam,ppse.mrrvu@k.net    ,Lori Bass                
864,Christi876  ,ibvgfrqwoufz,gofsr.jtqqz@z.com   ,Tabatha Paul             
865,Lloyd107    ,iyosdpqgqoux,jsws@r.org          ,Helen Travis             
866,Jeannette238,jpsyooubjkzw,wktz8@q.org         ,Teresa House             
867,Kelly895    ,pkoidwbsojfy,qdzsg@g.net         ,Clint Scott              
868,Crystal772  ,ahesckpxbbev,nxlyv9@s.net        ,Eileen Lewis             
869,Joann416    ,zirtoaeywyxi,pgowg1@h.net        ,Dorothy Gilbert          
870,Darin029    ,dxlavzdippbo,toxs@q.com          ,Kirsten Suarez           
871,Michele76   ,uvrhvsdkbtbm,gued.udxh@y.net     ,Douglas Schroeder        
872,Sonja465    ,cuwcjothgjst,xawk.zfco@j.com     ,Gina Montoya             
873,Sonja554    ,sdjuyglijrjn,wbdxd0@g.net        ,Mickey Miles             
874,Eduardo552  ,njdhhyftiprs,lxhlh7@b.org        ,Rene Hammond             
875,Abel351     ,mrqkhsfdsfzd,xvzd.legvp@u.org    ,Gilberto Hoffman         
876,Monique453  ,zifotkmdlnka,zaer.rfuzy@s.com    ,Clifford Contreras       
877,Teri894     ,hstunticqjmq,woom.ehyzqs@p.org   ,Anthony Molina           
878,Michele782  ,awtklowlhtqt,gwcf.fwdisz@r.org   ,Sheri Marsh              
879,Fredrick483 ,gpwpwxmyjwfc,eyzn@h.org          ,Anne Ball                
880,Claude20    ,mgwesylhcrhc,wpsc0@x.com         ,Stuart Cunningham        
881,Naomi116    ,frphcaumovvh,odwm.qsleg@f.com    ,Sherman Daugherty        
882,Cesar481    ,vorkxqftbdne,yussb.ytgi@c.com    ,Christie Rodgers         
883,Josh824     ,xhesxjzylmap,rcguj8@i.com        ,Kerri Stein              
884,Alex949     ,mbbbsdkolcda,xqawy.cleji@i.net   ,Staci David              
885,Theodore291 ,irknqwnvwkkt,uqjp@b.com          ,Sherrie Skinner          
886,Donald861   ,gzeklpnjggli,ixmwm.mgoddw@c.net  ,Randall Castillo         
887,Jacquelyn901,lwvfrgmwalay,raez@y.net          ,Candy Liu                
888,Jeremiah747 ,oxwehslqeynk,fvns8@d.net         ,Brooke Lopez             
889,Shari39     ,lnhtuhvgxrgn,advp.xbutsx@n.com   ,Joseph Page              
890,Adrian903   ,wgoxjmyslkpl,mswo.zohgy@n.net    ,Tabitha Lester           
891,Sheri198    ,ejchbhfukaee,dhzw.owkn@w.com     ,Hugh Patterson           
892,Beth783     ,ywqxxuzdmlzf,eevi@u.net          ,Brandy Leblanc           
893,Tracy582    ,sahnpnoamfwn,zpgy@n.com          ,Martha Campos            
894,Virginia299 ,dijvoknbihir,pecq@a.net          ,Eli Duran                
895,Ginger948   ,swletxpwzjnr,jqhi.vvkmy@q.com    ,Kara Fletcher            
896,Sherrie752  ,aetpmtblqgpw,dkhk.uajbw@g.org    ,Scot Hardy               
897,Victoria643 ,xdshqypifeqb,nsdh4@e.com         ,Audra Norris             
898,Rick887     ,qdqfiuwzbdtk,xxcf4@a.org         ,Janette Manning          
899,Dean373     ,tzjkwhmgnoih,zgeik@j.org         ,Fernando Frye            
900,Kenny977    ,herqnjcltdm ,mldgh.rhgnz@y.net   ,Darrell Hampton          
901,Billie777   ,ecvyyhivrewh,snowi.fzqh@n.net    ,Janette Tate             
902,Veronica15  ,qugvovspyeht,bjbx4@t.net         ,Shelia Mc Bride          
903,Dion601     ,beurlkqnuaso,lstt.zhmv@r.net     ,Kerrie Montoya           
904,Jolene965   ,jjfrssckuail,nzqpf@a.org         ,Darnell Conley           
905,Julius810   ,oaunobxbqyrw,ugwm@n.net          ,Darcy Ruiz               
906,Frances974  ,oagvprhdflgm,qplp.jgqzay@e.org   ,Brent Soto               
907,Gregory776  ,mxsshvwugmmi,oxpo@g.net          ,Shonda Garner            
908,Aimee61     ,rjmdkzvgrowo,dznyg.zwseu@c.com   ,Bradford Boyer           
909,Simon210    ,adjpkakrzind,nwxz5@p.org         ,Noel Mitchell            
910,Bernard905  ,auzotjyzjgcn,yedz.kremw@p.com    ,Fred Bowen               
911,Eric663     ,cpzmlgmltnxa,skbcm4@o.net        ,Harvey Kaiser            
912,Matt348     ,fcgnhcwhxlps,kqhxc.mchtl@a.org   ,Clay Reynolds            
913,Alex860     ,haweiqtagsvh,ucxxx.xgqcm@d.net   ,Charlie Wilkerson        
914,Tera183     ,swuzrpqwqben,mpix@c.net          ,Jodi Kane                
915,Gary492     ,rmqxrwrkemsm,xncit.azeh@d.com    ,Aimee Rogers             
916,Javier02    ,uoumfclfzkbv,ydzt0@b.org         ,Joseph Li                
917,Loren941    ,otbsskbkblun,kvec@o.net          ,Erica Ramsey             
918,Jodi803     ,jzpzvrfwuqkz,wzjud6@b.com        ,Alicia Rosario           
919,Dewayne705  ,hjkowzxwgvhb,rnyx@j.net          ,Victor Fry               
920,Dion30      ,efjwzwvrapam,mawho.uwyf@q.com    ,Lesley Frost             
921,Katina930   ,sdzppdzyyazf,rroj.tqyoh@w.net    ,Sheryl Key               
922,Candace622  ,tgjgmprvuigq,gsik.vvdbf@f.org    ,Brad Gillespie           
923,Betty998    ,abnxbnsnifxt,tdhi@g.org          ,Jeanne Hicks             
924,Kelli895    ,ryzhrougdjbt,knki.haraan@e.com   ,Steve Velez              
925,Jill298     ,mvevtzqtrhek,cazw.dqjfw@v.org    ,Faith Lowe               
926,Carlton347  ,vsfvzjuqbcvo,veqa.xehz@t.net     ,Craig Christian          
927,Caleb94     ,slnjcauaglrp,nffzp.gbskr@j.org   ,Marjorie Moran           
928,Megan223    ,stsgmmritdqp,bczg8@w.com         ,Ted Hatfield             
929,Cheri441    ,wgumtflwyqri,iqxx.ctkqld@g.org   ,Roxanne Hayden           
930,Randy960    ,mkldtwyutwtq,ustlf6@a.org        ,Brandy Conner            
931,Tyson019    ,yrsiqysrttih,zmuar@m.org         ,Randal Mosley            
932,Sandra943   ,dbbcjkeawwpe,piis@y.com          ,Claudia Rasmussen        
933,Gabriela244 ,vvtgdefvxevb,xwrzg4@f.org        ,Monte Jefferson          
934,Spencer442  ,rqlcuhslnghw,ywuo@z.com          ,Derick Rose              
935,Bill868     ,ksgfkmqgjoos,cita4@k.net         ,Rusty Sanchez            
936,Franklin800 ,zsoxzelprfww,lobp3@m.com         ,Kendra Lowery            
937,Gregg978    ,qelqrkjrhns ,nyqj@s.com          ,Brock Parks              
938,Kerrie914   ,gcmpnvbifuje,rsxo.pcrpbx@s.net   ,Mindy Black              
939,Hilary147   ,gvupwlsisjz ,rhxhp@d.com         ,Vanessa Ferguson         
940,Carmen150   ,uqwemmvzvtax,kerk.mxqbf@n.net    ,Kellie Garcia            
941,Gerard330   ,vrlrquskulix,gpfqx@v.org         ,Leo Holland              
942,Desiree152  ,lsstfhmovntg,rebkx.olwg@e.net    ,Bridget Adkins           
943,Kendra235   ,aimrhcwcvalq,ddoa@c.org          ,Rachel Hickman           
944,Melinda493  ,mxbhsxwqbnrn,mazbc8@p.net        ,Melisa Fuller            
945,Tamara183   ,lyhuwothzrsk,tjkbz6@c.org        ,Dwayne Harding           
946,Rochelle637 ,qxidhddoclmv,crnmt.trfn@x.com    ,Myra Williamson          
947,Quentin219  ,mqtzpjxkggc ,ylwjk.goyut@m.org   ,Jeff Olson               
948,Brent95     ,wcipivciygqt,mmbe@h.com          ,Arturo Daniel            
949,Sheldon437  ,ynhasdifprsp,mecw2@l.net         ,Paige Charles            
950,Jessie037   ,wgjtkaryavfr,bsgg.nwdosa@j.net   ,Devon Russo              
951,Frank52     ,jivvbfplsvcf,fsmt6@x.org         ,Marlene Macias           
952,Sergio482   ,kjoocfghedir,gxua@i.net          ,Johnathan Figueroa       
953,Nichole614  ,onllcdbspofh,zfff8@b.org         ,Christie Cooper          
954,Bobbi482    ,tgtvoewqkhhw,wluh4@s.net         ,Lisa Carrillo            
955,Angelina765 ,mufyeaxbfbrv,fkvz2@s.net         ,Howard Woods             
956,Johnny258   ,qysnwwxloomf,vjdo.zmcsk@k.com    ,Sherrie Dominguez        
957,Brady864    ,ckmpqbyirrim,klmp.zaqh@p.com     ,Linda Mc Daniel          
958,Shaun21     ,ehrdmbimpmtz,gwzuc1@m.org        ,Herman Gilbert           
959,Jane126     ,nucrposbtcph,mlbyq.uzxoyy@q.org  ,Warren Cannon            
960,Marcie245   ,lbqzkamopqgm,tvtw.etqdyh@g.net   ,Josephine Branch         
961,Guy892      ,rvhocdtsmvox,xdgc@a.com          ,Cheryl Blair             
962,Alison586   ,qwqhydzghbcu,bupn.bdch@r.org     ,Alejandro Pace           
963,Nicolas234  ,injhrkcwxpbs,lggg5@b.net         ,Carla Sims               
964,Doris458    ,yfybpsrfotmk,zdqv.sztld@v.org    ,Rachel Guerrero          
965,Dion922     ,jtvlmmecpgqd,rcsc.yilerz@v.org   ,Francis Bonilla          
966,Naomi579    ,uymqljewhfrc,sxoc@j.org          ,Melissa Bonilla          
967,Cornelius47 ,vdmqplzsjpnr,jojhy.qcpoe@p.com   ,Chadwick Garza           
968,Bonnie780   ,ltqhtfegvzwj,tprsl@s.net         ,Tonya Patel              
969,Karen797    ,izkefqykmpbx,bnosy0@p.net        ,Carlos Hurley            
970,Dorothy355  ,swpbarpkbyar,vqjnp@f.com         ,Robin Gardner            
971,Ted892      ,hugflxrpmisd,dmjjq.pzqw@q.net    ,Terry Byrd               
972,Nancy317    ,qzeqsligodsj,jaxe.dzrzyy@h.org   ,Kelli Rollins            
973,Joe705      ,wrplnxnvzpbg,cvmh.bfjh@b.com     ,Joy White                
974,Francis482  ,hzsoqsgmlqzz,qcjes5@d.net        ,Latasha Daniels          
975,Krystal703  ,dtmprtzunycm,fidu6@r.com         ,Jeanette Garcia          
976,Alberto585  ,ntziivtblpwc,wvkj@h.net          ,Salvador Strong          
977,Moses90     ,kwetxkootnjs,wnpr@p.net          ,Teddy Ramirez            
978,Tabatha90   ,gwhfiovhzxei,uzhzc.ouhvyq@j.org  ,Nelson Olson             
979,Reginald404 ,knlfaeiglwfu,ugzu.wtpwc@p.net    ,Danielle Alvarado        
980,Adrienne133 ,zfdghweuuitv,eurl.lwtoh@m.org    ,Bryon Decker             
981,Autumn603   ,yrmbrwyrvxyt,zpgel.ipyqh@d.com   ,Jack Rivers              
982,Franklin747 ,vbkuampknulu,ftmxy2@f.com        ,Julius Fox               
983,Taryn584    ,lugpuruytbmx,hynl.iwuzqy@e.net   ,Glenn Rivas              
984,Sonja849    ,afkeunvdjrxh,wesup@l.com         ,Mickey Frederick         
985,Ricardo302  ,buindboxpvjj,vpgx.bruqpv@e.com   ,Manuel Hartman           
986,Leanne394   ,ccjahtjspjor,zhtkp.dqgwok@x.org  ,Lakeisha Snow            
987,Katherine025,spdnorzjjggb,mzqrn@v.net         ,Leo Casey                
988,Glenda562   ,iygbxughgsoa,hjdr@h.org          ,Candace Meyers           
989,Veronica452 ,wibwajwvvpgr,ceay.mprbt@r.net    ,Shelby Webb              
990,Lonnie591   ,myivzdtelqqb,hdvo.yjxt@b.com     ,Yesenia Suarez           
991,Roxanne11   ,ryeuepimudrh,ayfx3@e.org         ,Cassie Bailey            
992,Kelli77     ,safuiaqrsofa,bqebl@y.net         ,Peggy Cooper             
993,Colleen233  ,ypjpksbjyspk,uvof@j.com          ,Everett Douglas          
994,Thomas526   ,rrwexjvvssje,hhxl.qlemp@l.com    ,Candy Murray             
995,Darren716   ,rpxggpsqvzcc,stypx1@u.org        ,Dallas Mckinney          
996,Ramona999   ,ytherrqxzxfo,efkzm.qkwd@e.org    ,Marlon Richmond          
997,Allison965  ,bvfublquruum,puvq0@k.net         ,Meredith Campbell        
998,Kerrie2     ,nedbmfelxnnz,mmxm@e.com          ,Oscar Pruitt             
999,Vanessa167  ,qhlmqzmqvgzn,ljgg@r.net          ,Gregg Hernandez          
1000,Martin754   ,ecvgkawxjnk ,zgop.hrgm@i.net     ,Micah Mc Millan          
