Company_Id,Company_Name
1,Upwerpimor Holdings                               
2,Doptanedgicator WorldWide                         
3,Kliquestower  Group                               
4,Updimower WorldWide Company                       
5,Trutanicator WorldWide Inc                        
6,Winsipax International Inc                        
7,Hapwerackax Holdings Company                      
8,Haperover  Company                                
9,Tippebistor Holdings                              
10,Varrobaquor WorldWide Company                     
11,Bardimower  Group                                 
12,Endjubollover Holdings                            
13,Intuminin Holdings Inc                            
14,Monhupewin International                          
15,Frowerpistor                                      
16,Renipover  Inc                                    
17,Winjubax  Group                                   
18,Adjuban International Inc                         
19,Haptumimistor WorldWide                           
20,Thrusapaquex International Company                
21,Tupjubicator  Corp.                               
22,Groglibantor  Company                             
23,Tuptumower WorldWide Inc                          
24,Parvenower Holdings Corp.                         
25,Vartinaquex International Corp.                   
26,Qwipebinar WorldWide Corp.                        
27,Haptumar                                          
28,Trurobex                                          
29,Qwicadplex Holdings Inc                           
30,Zeedudentor Holdings                              
31,Haptanonex WorldWide Company                      
32,Truzapover                                        
33,Parwerower Holdings Company                       
34,Mondudex  Group                                   
35,Monjubefower                                      
36,Adjubepar  Inc                                    
37,Tupsapover WorldWide                              
38,Raptanicator Holdings Group                       
39,Trupickistor Direct                               
40,Grodimar Direct                                   
41,Montumimentor                                     
42,Wineror International                             
43,Bartanedax WorldWide Inc                          
44,Monzapollan WorldWide                             
45,Surnipor Direct Group                             
46,Parmunicover                                      
47,Cipsaponantor WorldWide                           
48,Intanover                                         
49,Lomwerponex  Group                                
50,Tiptanexor International Inc                      
